Workbook

Sheet UT1 (1273)
A1: Yıl | B1: Ay | C1: Fatura Tutarı TL | F1: Tüketim | J1: GES Üretim | K1: 1. Boyama Miktarı | L1: Reproses Miktarı | M1: Re-proses % | N1: ∑ Boyama Miktarı | O1: ∑ Paket. Miktarı | P1: ∑ İşçilik | Q1: ∑ Kişi Sayısı | R1: Kişi Başı Üretim kg | S1: Buhar K. Ç. Gün | T1: Günlük Boyama M. | U1: Yedek İşletme Üretim kg | V1: Kur: TL/$ | W1: Fatura | X1: Fatura usd | Y1: Fatura usd | Z1: Fatura usd | AA1: İplik Kg Başına Maliyet ($/kg) | AG1: İplik Kg Başına Tüketim (∑Boyama) | AJ1: Enerji Birim Fiyatları | AN1: Enerji Birim Fiyatları | AR1: =HYPERLINK("https://www.worldweatheronline.com/yakapinar-weather-averages/adana/tr.aspx","Ortalama Güneşlenme Süresi-Saat") -> Ortalama Güneşlenme Süresi-Saat
C2: DG-015 | D2: S060 | E2: E0060 | F2: Dgaz Sm3 | G2: Su m3 | H2: Atık Su m3 | I2: Elektrik kW | J2: Elektrik kW | W2: Enerji | X2: Doğalgaz | Y2: Su | Z2: Elektrik | AA2: Doğalgaz | AB2: Su | AC2: Elektrik | AD2: Toplam Enerji | AE2: Tamirsiz Enerji | AF2: Tamirsiz İşçilik | AG2: Dgaz Sm3 | AH2: Su ton | AI2: Elektrik kW | AJ2: Dgaz TL/Sm3 | AK2: Su TL/m3 | AL2: Elk TL/kW | AM2: OSB E TL/kW | AN2: Dgaz $/Sm3 | AO2: Su $/m3 | AP2: Elk $/kW | AQ2: OSB E $/kW
A3: 2011 | B3: 1 | C3: 113760.37 | D3: 24166.03 | E3: 54000.94 | F3: 196891.45 | G3: 37931 | I3: 312642 | K3: =N3-L3 -> 283705 | L3: 50526 | M3: =L3/N3 -> 0.1511709 | N3: 334231 | O3: 326795 | R3: =O3/Q3 -> #DIV/0! | S3: 28 | T3: =N3/S3 -> 11936.821 | U3: 13347 | V3: 1.598 | W3: =SUM(C3:E3)/V3 -> 120104.72 | X3: =C3/$V3 -> 71189.218 | Y3: =D3/$V3 -> 15122.672 | Z3: =E3/$V3 -> 33792.829 | AA3: =C3/((N3+U3)*V3) -> 0.20481509 | AB3: =D3/((N3+U3)*V3) -> 0.043508715 | AC3: =E3/((N3+U3)*V3) -> 0.097223727 | AD3: =(C3+D3+E3)/((N3+U3)*V3) -> 0.34554753 | AE3: =(C3+D3+E3)/((K3+U3)*V3) -> 0.4043222 | AG3: =F3/($N3+$U3) -> 0.56646695 | AH3: =G3/($N3+$U3) -> 0.10912946 | AI3: =I3/($N3+$U3) -> 0.89948731 | AJ3: =C3/F3 -> 0.57778217 | AK3: =D3/G3 -> 0.63710501 | AL3: =E3/I3 -> 0.17272452 | AN3: =AJ3/$V3 -> 0.36156582 | AO3: =AK3/$V3 -> 0.39868899 | AP3: =AL3/$V3 -> 0.10808794 | AQ3: =AM3/$V3 -> 0
A4: 2011 | B4: 2 | C4: 108012.1 | D4: 21027.95 | E4: 62620.68 | F4: 186942.56 | G4: 32437 | I4: 311526 | K4: =N4-L4 -> 306814 | L4: 48169 | M4: =L4/N4 -> 0.13569382 | N4: 354983 | O4: 322974 | R4: =O4/Q4 -> #DIV/0! | S4: 27 | T4: =N4/S4 -> 13147.519 | U4: 7119 | V4: 1.5917 | W4: =SUM(C4:E4)/V4 -> 120412.6 | X4: =C4/$V4 -> 67859.584 | Y4: =D4/$V4 -> 13211.001 | Z4: =E4/$V4 -> 39342.012 | AA4: =C4/((N4+U4)*V4) -> 0.18740461 | AB4: =D4/((N4+U4)*V4) -> 0.036484197 | AC4: =E4/((N4+U4)*V4) -> 0.10864898 | AD4: =(C4+D4+E4)/((N4+U4)*V4) -> 0.33253778 | AE4: =(C4+D4+E4)/((K4+U4)*V4) -> 0.38356145 | AG4: =F4/($N4+$U4) -> 0.51627044 | AH4: =G4/($N4+$U4) -> 0.089579732 | AI4: =I4/($N4+$U4) -> 0.86032665 | AJ4: =C4/F4 -> 0.57778229 | AK4: =D4/G4 -> 0.64827049 | AL4: =E4/I4 -> 0.20101269 | AN4: =AJ4/$V4 -> 0.36299698 | AO4: =AK4/$V4 -> 0.40728183 | AP4: =AL4/$V4 -> 0.12628805 | AQ4: =AM4/$V4 -> 0
A5: 2011 | B5: 3 | C5: 117004.07 | D5: 22130.4 | E5: 56619.22 | F5: 202505.46 | G5: 34710 | I5: 330822 | K5: =N5-L5 -> 366167 | L5: 50916 | M5: =L5/N5 -> 0.12207642 | N5: 417083 | O5: 402166 | R5: =O5/Q5 -> #DIV/0! | S5: 30 | T5: =N5/S5 -> 13902.767 | U5: 5627 | V5: 1.5352 | W5: =SUM(C5:E5)/V5 -> 127510.22 | X5: =C5/$V5 -> 76214.22 | Y5: =D5/$V5 -> 14415.32 | Z5: =E5/$V5 -> 36880.68 | AA5: =C5/((N5+U5)*V5) -> 0.18029907 | AB5: =D5/((N5+U5)*V5) -> 0.034102152 | AC5: =E5/((N5+U5)*V5) -> 0.087248184 | AD5: =(C5+D5+E5)/((N5+U5)*V5) -> 0.30164941 | AE5: =(C5+D5+E5)/((K5+U5)*V5) -> 0.34295933 | AG5: =F5/($N5+$U5) -> 0.47906475 | AH5: =G5/($N5+$U5) -> 0.082113033 | AI5: =I5/($N5+$U5) -> 0.78262166 | AJ5: =C5/F5 -> 0.5777823 | AK5: =D5/G5 -> 0.63757995 | AL5: =E5/I5 -> 0.17114708 | AN5: =AJ5/$V5 -> 0.37635637 | AO5: =AK5/$V5 -> 0.41530742 | AP5: =AL5/$V5 -> 0.11148195 | AQ5: =AM5/$V5 -> 0
A6: 2011 | B6: 4 | C6: 90682.37 | D6: 18797.2 | E6: 49591.51 | F6: 156949.04 | G6: 29429 | I6: 289638 | K6: =N6-L6 -> 282950 | L6: 40782 | M6: =L6/N6 -> 0.12597457 | N6: 323732 | O6: 350526 | R6: =O6/Q6 -> #DIV/0! | S6: 24 | T6: =N6/S6 -> 13488.833 | U6: 5186 | V6: 1.513 | W6: =SUM(C6:E6)/V6 -> 105136.21 | X6: =C6/$V6 -> 59935.473 | Y6: =D6/$V6 -> 12423.794 | Z6: =E6/$V6 -> 32776.94 | AA6: =C6/((N6+U6)*V6) -> 0.18222011 | AB6: =D6/((N6+U6)*V6) -> 0.037771705 | AC6: =E6/((N6+U6)*V6) -> 0.099650794 | AD6: =(C6+D6+E6)/((N6+U6)*V6) -> 0.3196426 | AE6: =(C6+D6+E6)/((K6+U6)*V6) -> 0.36488397 | AG6: =F6/($N6+$U6) -> 0.47716768 | AH6: =G6/($N6+$U6) -> 0.089472148 | AI6: =I6/($N6+$U6) -> 0.88057814 | AJ6: =C6/F6 -> 0.57778225 | AK6: =D6/G6 -> 0.6387305 | AL6: =E6/I6 -> 0.17121894 | AN6: =AJ6/$V6 -> 0.38187855 | AO6: =AK6/$V6 -> 0.4221616 | AP6: =AL6/$V6 -> 0.11316519 | AQ6: =AM6/$V6 -> 0
A7: 2011 | B7: 5 | C7: 75073.78 | D7: 15741 | E7: 39772.87 | F7: 129934.37 | G7: 24587 | I7: 232938 | K7: =N7-L7 -> 190741 | L7: 17933 | M7: =L7/N7 -> 0.085937874 | N7: 208674 | O7: 259329 | R7: =O7/Q7 -> #DIV/0! | S7: 28 | T7: =N7/S7 -> 7452.6429 | U7: 8346 | V7: 1.5848 | W7: =SUM(C7:E7)/V7 -> 82400.082 | X7: =C7/$V7 -> 47371.138 | Y7: =D7/$V7 -> 9932.4836 | Z7: =E7/$V7 -> 25096.46 | AA7: =C7/((N7+U7)*V7) -> 0.21828006 | AB7: =D7/((N7+U7)*V7) -> 0.045767596 | AC7: =E7/((N7+U7)*V7) -> 0.11564123 | AD7: =(C7+D7+E7)/((N7+U7)*V7) -> 0.37968889 | AE7: =(C7+D7+E7)/((K7+U7)*V7) -> 0.41388982 | AG7: =F7/($N7+$U7) -> 0.59872072 | AH7: =G7/($N7+$U7) -> 0.11329371 | AI7: =I7/($N7+$U7) -> 1.0733481 | AJ7: =C7/F7 -> 0.57778231 | AK7: =D7/G7 -> 0.64021637 | AL7: =E7/I7 -> 0.17074445 | AN7: =AJ7/$V7 -> 0.36457743 | AO7: =AK7/$V7 -> 0.40397298 | AP7: =AL7/$V7 -> 0.1077388 | AQ7: =AM7/$V7 -> 0
A8: 2011 | B8: 6 | C8: 82554.62 | D8: 19719.6 | E8: 45305.86 | F8: 142881.88 | G8: 30896 | I8: 263484 | K8: =N8-L8 -> 244784 | L8: 32384 | M8: =L8/N8 -> 0.11683888 | N8: 277168 | O8: 292469 | R8: =O8/Q8 -> #DIV/0! | S8: 29 | T8: =N8/S8 -> 9557.5172 | U8: 4272 | V8: 1.6146 | W8: =SUM(C8:E8)/V8 -> 91403.493 | X8: =C8/$V8 -> 51130.076 | Y8: =D8/$V8 -> 12213.304 | Z8: =E8/$V8 -> 28060.114 | AA8: =C8/((N8+U8)*V8) -> 0.18167309 | AB8: =D8/((N8+U8)*V8) -> 0.043395763 | AC8: =E8/((N8+U8)*V8) -> 0.09970194 | AD8: =(C8+D8+E8)/((N8+U8)*V8) -> 0.3247708 | AE8: =(C8+D8+E8)/((K8+U8)*V8) -> 0.36699976 | AG8: =F8/($N8+$U8) -> 0.5076815 | AH8: =G8/($N8+$U8) -> 0.10977828 | AI8: =I8/($N8+$U8) -> 0.93619955 | AJ8: =C8/F8 -> 0.57778229 | AK8: =D8/G8 -> 0.63825738 | AL8: =E8/I8 -> 0.17194919 | AN8: =AJ8/$V8 -> 0.35784856 | AO8: =AK8/$V8 -> 0.39530372 | AP8: =AL8/$V8 -> 0.10649646 | AQ8: =AM8/$V8 -> 0
A9: 2011 | B9: 7 | C9: 81787.84 | D9: 21870 | E9: 48939.24 | F9: 141554.79 | G9: 32179 | I9: 284922 | K9: =N9-L9 -> 235284 | L9: 15291 | M9: =L9/N9 -> 0.061023646 | N9: 250575 | O9: 287759 | R9: =O9/Q9 -> #DIV/0! | S9: 29 | T9: =N9/S9 -> 8640.5172 | U9: 12154 | V9: 1.6721 | W9: =SUM(C9:E9)/V9 -> 91260.738 | X9: =C9/$V9 -> 48913.247 | Y9: =D9/$V9 -> 13079.361 | Z9: =E9/$V9 -> 29268.13 | AA9: =C9/((N9+U9)*V9) -> 0.18617376 | AB9: =D9/((N9+U9)*V9) -> 0.049782709 | AC9: =E9/((N9+U9)*V9) -> 0.11140045 | AD9: =(C9+D9+E9)/((N9+U9)*V9) -> 0.34735693 | AE9: =(C9+D9+E9)/((K9+U9)*V9) -> 0.36882265 | AG9: =F9/($N9+$U9) -> 0.53878632 | AH9: =G9/($N9+$U9) -> 0.12247982 | AI9: =I9/($N9+$U9) -> 1.0844711 | AJ9: =C9/F9 -> 0.57778221 | AK9: =D9/G9 -> 0.67963579 | AL9: =E9/I9 -> 0.17176364 | AN9: =AJ9/$V9 -> 0.34554286 | AO9: =AK9/$V9 -> 0.40645642 | AP9: =AL9/$V9 -> 0.10272331 | AQ9: =AM9/$V9 -> 0
A10: 2011 | B10: 8 | C10: 69949.75 | D10: 19631.81 | E10: 45204.6 | F10: 119914.41 | G10: 29280 | I10: 264204 | K10: =N10-L10 -> 257171 | L10: 11289 | M10: =L10/N10 -> 0.042050957 | N10: 268460 | O10: 296090 | R10: =O10/Q10 -> #DIV/0! | S10: 28 | T10: =N10/S10 -> 9587.8571 | U10: 10022 | V10: 1.7442 | W10: =SUM(C10:E10)/V10 -> 77276.78 | X10: =C10/$V10 -> 40104.202 | Y10: =D10/$V10 -> 11255.481 | Z10: =E10/$V10 -> 25917.097 | AA10: =C10/((N10+U10)*V10) -> 0.14401003 | AB10: =D10/((N10+U10)*V10) -> 0.040417266 | AC10: =E10/((N10+U10)*V10) -> 0.093065608 | AD10: =(C10+D10+E10)/((N10+U10)*V10) -> 0.27749291 | AE10: =(C10+D10+E10)/((K10+U10)*V10) -> 0.28921708 | AG10: =F10/($N10+$U10) -> 0.43060022 | AH10: =G10/($N10+$U10) -> 0.10514145 | AI10: =I10/($N10+$U10) -> 0.94872918 | AJ10: =C10/F10 -> 0.58333064 | AK10: =D10/G10 -> 0.67048531 | AL10: =E10/I10 -> 0.17109733 | AN10: =AJ10/$V10 -> 0.33444023 | AO10: =AK10/$V10 -> 0.3844085 | AP10: =AL10/$V10 -> 0.09809502 | AQ10: =AM10/$V10 -> 0
A11: 2011 | B11: 9 | C11: 96608.57 | D11: 22936.1 | E11: 45326.42 | F11: 165615.46 | G11: 34268 | I11: 267858 | K11: =N11-L11 -> 261817 | L11: 16419 | M11: =L11/N11 -> 0.059011055 | N11: 278236 | O11: 325275 | R11: =O11/Q11 -> #DIV/0! | S11: 29 | T11: =N11/S11 -> 9594.3448 | U11: 11217 | V11: 1.8499 | W11: =SUM(C11:E11)/V11 -> 89124.326 | X11: =C11/$V11 -> 52223.672 | Y11: =D11/$V11 -> 12398.562 | Z11: =E11/$V11 -> 24502.092 | AA11: =C11/((N11+U11)*V11) -> 0.18042194 | AB11: =D11/((N11+U11)*V11) -> 0.042834457 | AC11: =E11/((N11+U11)*V11) -> 0.084649639 | AD11: =(C11+D11+E11)/((N11+U11)*V11) -> 0.30790604 | AE11: =(C11+D11+E11)/((K11+U11)*V11) -> 0.32642208 | AG11: =F11/($N11+$U11) -> 0.57216702 | AH11: =G11/($N11+$U11) -> 0.11838882 | AI11: =I11/($N11+$U11) -> 0.92539376 | AJ11: =C11/F11 -> 0.58333063 | AK11: =D11/G11 -> 0.6693154 | AL11: =E11/I11 -> 0.16921809 | AN11: =AJ11/$V11 -> 0.3153309 | AO11: =AK11/$V11 -> 0.36181166 | AP11: =AL11/$V11 -> 0.091474184 | AQ11: =AM11/$V11 -> 0
A12: 2011 | B12: 10 | C12: 112225.71 | D12: 23638.07 | E12: 54322.35 | F12: 168315.24 | G12: 35315 | I12: 311454 | K12: =N12-L12 -> 306349 | L12: 13807 | M12: =L12/N12 -> 0.043125851 | N12: 320156 | O12: 367797 | R12: =O12/Q12 -> #DIV/0! | S12: 28 | T12: =N12/S12 -> 11434.143 | U12: 22484 | V12: 1.7446 | W12: =SUM(C12:E12)/V12 -> 109014.18 | X12: =C12/$V12 -> 64327.473 | Y12: =D12/$V12 -> 13549.278 | Z12: =E12/$V12 -> 31137.424 | AA12: =C12/((N12+U12)*V12) -> 0.1877407 | AB12: =D12/((N12+U12)*V12) -> 0.039543771 | AC12: =E12/((N12+U12)*V12) -> 0.090875041 | AD12: =(C12+D12+E12)/((N12+U12)*V12) -> 0.31815951 | AE12: =(C12+D12+E12)/((K12+U12)*V12) -> 0.33151835 | AG12: =F12/($N12+$U12) -> 0.49123056 | AH12: =G12/($N12+$U12) -> 0.10306736 | AI12: =I12/($N12+$U12) -> 0.90898319 | AJ12: =C12/F12 -> 0.66675905 | AK12: =D12/G12 -> 0.66934929 | AL12: =E12/I12 -> 0.17441532 | AN12: =AJ12/$V12 -> 0.38218449 | AO12: =AK12/$V12 -> 0.3836692 | AP12: =AL12/$V12 -> 0.099974391 | AQ12: =AM12/$V12 -> 0
A13: 2011 | B13: 11 | C13: 109496.09 | D13: 21945.6 | E13: 47541.09 | F13: 164221.4 | G13: 32766 | I13: 272574 | K13: =N13-L13 -> 273053 | L13: 21306 | M13: =L13/N13 -> 0.072381004 | N13: 294359 | O13: 297995 | R13: =O13/Q13 -> #DIV/0! | S13: 24 | T13: =N13/S13 -> 12264.958 | U13: 19271 | V13: 1.8396 | W13: =SUM(C13:E13)/V13 -> 97294.401 | X13: =C13/$V13 -> 59521.684 | Y13: =D13/$V13 -> 11929.55 | Z13: =E13/$V13 -> 25843.167 | AA13: =C13/((N13+U13)*V13) -> 0.18978313 | AB13: =D13/((N13+U13)*V13) -> 0.038037018 | AC13: =E13/((N13+U13)*V13) -> 0.082400175 | AD13: =(C13+D13+E13)/((N13+U13)*V13) -> 0.31022033 | AE13: =(C13+D13+E13)/((K13+U13)*V13) -> 0.3328307 | AG13: =F13/($N13+$U13) -> 0.52361509 | AH13: =G13/($N13+$U13) -> 0.10447342 | AI13: =I13/($N13+$U13) -> 0.86909416 | AJ13: =C13/F13 -> 0.66675896 | AK13: =D13/G13 -> 0.66976744 | AL13: =E13/I13 -> 0.17441535 | AN13: =AJ13/$V13 -> 0.36244779 | AO13: =AK13/$V13 -> 0.36408319 | AP13: =AL13/$V13 -> 0.094811563 | AQ13: =AM13/$V13 -> 0
A14: 2011 | B14: 12 | C14: 128221.3 | D14: 25883.28 | E14: 58952.09 | F14: 192305.32 | G14: 38622 | I14: 326556 | K14: =N14-L14 -> 315048 | L14: 27863 | M14: =L14/N14 -> 0.08125432 | N14: 342911 | O14: 366334 | R14: =O14/Q14 -> #DIV/0! | S14: 29 | T14: =N14/S14 -> 11824.517 | U14: 16265 | V14: 1.8876 | W14: =SUM(C14:E14)/V14 -> 112871.73 | X14: =C14/$V14 -> 67928.216 | Y14: =D14/$V14 -> 13712.27 | Z14: =E14/$V14 -> 31231.241 | AA14: =C14/((N14+U14)*V14) -> 0.18912237 | AB14: =D14/((N14+U14)*V14) -> 0.038177021 | AC14: =E14/((N14+U14)*V14) -> 0.086952471 | AD14: =(C14+D14+E14)/((N14+U14)*V14) -> 0.31425186 | AE14: =(C14+D14+E14)/((K14+U14)*V14) -> 0.34068004 | AG14: =F14/($N14+$U14) -> 0.53540693 | AH14: =G14/($N14+$U14) -> 0.10752946 | AI14: =I14/($N14+$U14) -> 0.90918101 | AJ14: =C14/F14 -> 0.66675899 | AK14: =D14/G14 -> 0.67016933 | AL14: =E14/I14 -> 0.18052674 | AN14: =AJ14/$V14 -> 0.35323108 | AO14: =AK14/$V14 -> 0.35503779 | AP14: =AL14/$V14 -> 0.095638239 | AQ14: =AM14/$V14 -> 0
A15: 2012 | B15: 1 | C15: 133831.58 | D15: 25483.86 | E15: 60141.21 | F15: 200719.57 | G15: 38096 | I15: 343044 | K15: =N15-L15 -> 324458 | L15: 21575 | M15: =L15/N15 -> 0.062349545 | N15: 346033 | O15: 355922 | R15: =O15/Q15 -> #DIV/0! | S15: 25 | T15: =N15/S15 -> 13841.32 | U15: 19024 | V15: ='$'!C2 -> 1.842267 | W15: =SUM(C15:E15)/V15 -> 119123.15 | X15: =C15/$V15 -> 72645.051 | Y15: =D15/$V15 -> 13832.881 | Z15: =E15/$V15 -> 32645.219 | AA15: =C15/((N15+U15)*V15) -> 0.19899646 | AB15: =D15/((N15+U15)*V15) -> 0.037892386 | AC15: =E15/((N15+U15)*V15) -> 0.089424992 | AD15: =(C15+D15+E15)/((N15+U15)*V15) -> 0.32631384 | AE15: =(C15+D15+E15)/((K15+U15)*V15) -> 0.34681046 | AG15: =F15/($N15+$U15) -> 0.54983077 | AH15: =G15/($N15+$U15) -> 0.10435631 | AI15: =I15/($N15+$U15) -> 0.93969983 | AJ15: =C15/F15 -> 0.666759 | AK15: =D15/G15 -> 0.66893795 | AL15: =E15/I15 -> 0.17531632 | AN15: =AJ15/$V15 -> 0.36192311 | AO15: =AK15/$V15 -> 0.36310586 | AP15: =AL15/$V15 -> 0.095163359 | AQ15: =AM15/$V15 -> 0
A16: 2012 | B16: 2 | C16: 121406.37 | D16: 24301.91 | E16: 53775.24 | F16: 182084.33 | G16: 36315 | I16: 306732.8 | K16: =N16-L16 -> 294148 | L16: 14791 | M16: =L16/N16 -> 0.047876765 | N16: 308939 | O16: 336318 | R16: =O16/Q16 -> #DIV/0! | S16: 23 | T16: =N16/S16 -> 13432.13 | U16: 17049 | V16: ='$'!C3 -> 1.757901 | W16: =SUM(C16:E16)/V16 -> 113478.24 | X16: =C16/$V16 -> 69063.258 | Y16: =D16/$V16 -> 13824.391 | Z16: =E16/$V16 -> 30590.596 | AA16: =C16/((N16+U16)*V16) -> 0.21185828 | AB16: =D16/((N16+U16)*V16) -> 0.042407667 | AC16: =E16/((N16+U16)*V16) -> 0.093839639 | AD16: =(C16+D16+E16)/((N16+U16)*V16) -> 0.34810559 | AE16: =(C16+D16+E16)/((K16+U16)*V16) -> 0.36465083 | AG16: =F16/($N16+$U16) -> 0.55856145 | AH16: =G16/($N16+$U16) -> 0.11139981 | AI16: =I16/($N16+$U16) -> 0.9409328 | AJ16: =C16/F16 -> 0.66675902 | AK16: =D16/G16 -> 0.66919758 | AL16: =E16/I16 -> 0.17531624 | AN16: =AJ16/$V16 -> 0.3792927 | AO16: =AK16/$V16 -> 0.3806799 | AP16: =AL16/$V16 -> 0.099730438 | AQ16: =AM16/$V16 -> 0
A17: 2012 | B17: 3 | C17: 112741.37 | D17: 24108.7 | E17: 58407.14 | F17: 166690 | G17: 36024 | I17: 333153 | K17: =N17-L17 -> 299083 | L17: 13861 | M17: =L17/N17 -> 0.04429227 | N17: 312944 | O17: 374185 | R17: =O17/Q17 -> #DIV/0! | S17: 26 | T17: =N17/S17 -> 12036.308 | U17: 19955 | V17: ='$'!C4 -> 1.789832 | W17: =SUM(C17:E17)/V17 -> 109092.48 | X17: =C17/$V17 -> 62989.917 | Y17: =D17/$V17 -> 13469.812 | Z17: =E17/$V17 -> 32632.75 | AA17: =C17/((N17+U17)*V17) -> 0.1892163 | AB17: =D17/((N17+U17)*V17) -> 0.040462157 | AC17: =E17/((N17+U17)*V17) -> 0.098025978 | AD17: =(C17+D17+E17)/((N17+U17)*V17) -> 0.32770444 | AE17: =(C17+D17+E17)/((K17+U17)*V17) -> 0.34194196 | AG17: =F17/($N17+$U17) -> 0.50072244 | AH17: =G17/($N17+$U17) -> 0.108213 | AI17: =I17/($N17+$U17) -> 1.000763 | AJ17: =C17/F17 -> 0.67635353 | AK17: =D17/G17 -> 0.66923995 | AL17: =E17/I17 -> 0.17531627 | AN17: =AJ17/$V17 -> 0.3778866 | AO17: =AK17/$V17 -> 0.37391216 | AP17: =AL17/$V17 -> 0.097951241 | AQ17: =AM17/$V17 -> 0
A18: 2012 | B18: 4 | C18: 116585.81 | D18: 21747.15 | E18: 53468.16 | F18: 144612.23 | G18: 32467 | I18: 278470.8 | K18: =N18-L18 -> 284925 | L18: 7034 | M18: =L18/N18 -> 0.024092424 | N18: 291959 | O18: 321200 | R18: =O18/Q18 -> #DIV/0! | S18: 25 | T18: =N18/S18 -> 11678.36 | U18: 15200 | V18: ='$'!C5 -> 1.787371 | W18: =SUM(C18:E18)/V18 -> 107309.07 | X18: =C18/$V18 -> 65227.538 | Y18: =D18/$V18 -> 12167.116 | Z18: =E18/$V18 -> 29914.416 | AA18: =C18/((N18+U18)*V18) -> 0.21235757 | AB18: =D18/((N18+U18)*V18) -> 0.039611784 | AC18: =E18/((N18+U18)*V18) -> 0.097390655 | AD18: =(C18+D18+E18)/((N18+U18)*V18) -> 0.34936001 | AE18: =(C18+D18+E18)/((K18+U18)*V18) -> 0.35754792 | AG18: =F18/($N18+$U18) -> 0.47080577 | AH18: =G18/($N18+$U18) -> 0.10570096 | AI18: =I18/($N18+$U18) -> 0.90660147 | AJ18: =C18/F18 -> 0.80619606 | AK18: =D18/G18 -> 0.66982321 | AL18: =E18/I18 -> 0.19200634 | AN18: =AJ18/$V18 -> 0.45105133 | AO18: =AK18/$V18 -> 0.37475331 | AP18: =AL18/$V18 -> 0.10742389 | AQ18: =AM18/$V18 -> 0
A19: 2012 | B19: 5 | C19: 111941.25 | D19: 22977.76 | E19: 51426.98 | F19: 138851.17 | G19: 34215 | I19: 267840 | K19: =N19-L19 -> 256625 | L19: 13645 | M19: =L19/N19 -> 0.05048655 | N19: 270270 | O19: 290690 | R19: =O19/Q19 -> #DIV/0! | S19: 26 | T19: =N19/S19 -> 10395 | U19: 6535 | V19: ='$'!C6 -> 1.809909 | W19: =SUM(C19:E19)/V19 -> 102958.76 | X19: =C19/$V19 -> 61849.104 | Y19: =D19/$V19 -> 12695.533 | Z19: =E19/$V19 -> 28414.125 | AA19: =C19/((N19+U19)*V19) -> 0.22343926 | AB19: =D19/((N19+U19)*V19) -> 0.045864538 | AC19: =E19/((N19+U19)*V19) -> 0.10265033 | AD19: =(C19+D19+E19)/((N19+U19)*V19) -> 0.37195413 | AE19: =(C19+D19+E19)/((K19+U19)*V19) -> 0.39124017 | AG19: =F19/($N19+$U19) -> 0.50162089 | AH19: =G19/($N19+$U19) -> 0.12360687 | AI19: =I19/($N19+$U19) -> 0.96761258 | AJ19: =C19/F19 -> 0.80619594 | AK19: =D19/G19 -> 0.67156978 | AL19: =E19/I19 -> 0.19200635 | AN19: =AJ19/$V19 -> 0.44543452 | AO19: =AK19/$V19 -> 0.37105168 | AP19: =AL19/$V19 -> 0.10608619 | AQ19: =AM19/$V19 -> 0
A20: 2012 | B20: 6 | C20: 89114.52 | D20: 17672.22 | E20: 46404.77 | F20: 110537.05 | G20: 26289 | I20: 231705 | K20: =N20-L20 -> 221455 | L20: 15008 | M20: =L20/N20 -> 0.063468703 | N20: 236463 | O20: 249571 | R20: =O20/Q20 -> #DIV/0! | S20: 25 | T20: =N20/S20 -> 9458.52 | U20: 5372 | V20: ='$'!C7 -> 1.822835 | W20: =SUM(C20:E20)/V20 -> 84040.25 | X20: =C20/$V20 -> 48887.87 | Y20: =D20/$V20 -> 9694.9093 | Z20: =E20/$V20 -> 25457.471 | AA20: =C20/((N20+U20)*V20) -> 0.20215382 | AB20: =D20/((N20+U20)*V20) -> 0.040088942 | AC20: =E20/((N20+U20)*V20) -> 0.10526794 | AD20: =(C20+D20+E20)/((N20+U20)*V20) -> 0.3475107 | AE20: =(C20+D20+E20)/((K20+U20)*V20) -> 0.37050373 | AG20: =F20/($N20+$U20) -> 0.45707631 | AH20: =G20/($N20+$U20) -> 0.10870635 | AI20: =I20/($N20+$U20) -> 0.95811194 | AJ20: =C20/F20 -> 0.80619593 | AK20: =D20/G20 -> 0.67222869 | AL20: =E20/I20 -> 0.20027522 | AN20: =AJ20/$V20 -> 0.44227587 | AO20: =AK20/$V20 -> 0.36878197 | AP20: =AL20/$V20 -> 0.10987019 | AQ20: =AM20/$V20 -> 0
A21: 2012 | B21: 7 | C21: 89448.46 | D21: 19337.21 | E21: 50074.94 | F21: 110951.25 | G21: 25565 | I21: 247093.2 | K21: =N21-L21 -> 223778 | L21: 9964 | M21: =L21/N21 -> 0.042628197 | N21: 233742 | O21: 250841 | R21: =O21/Q21 -> #DIV/0! | S21: 26 | T21: =N21/S21 -> 8990.0769 | U21: 14876 | V21: ='$'!C8 -> 1.811551 | W21: =SUM(C21:E21)/V21 -> 87693.148 | X21: =C21/$V21 -> 49376.727 | Y21: =D21/$V21 -> 10674.394 | Z21: =E21/$V21 -> 27642.026 | AA21: =C21/((N21+U21)*V21) -> 0.1986048 | AB21: =D21/((N21+U21)*V21) -> 0.042934922 | AC21: =E21/((N21+U21)*V21) -> 0.11118272 | AD21: =(C21+D21+E21)/((N21+U21)*V21) -> 0.35272244 | AE21: =(C21+D21+E21)/((K21+U21)*V21) -> 0.36744889 | AG21: =F21/($N21+$U21) -> 0.44627199 | AH21: =G21/($N21+$U21) -> 0.10282844 | AI21: =I21/($N21+$U21) -> 0.9938669 | AJ21: =C21/F21 -> 0.80619605 | AK21: =D21/G21 -> 0.7563939 | AL21: =E21/I21 -> 0.20265608 | AN21: =AJ21/$V21 -> 0.44503084 | AO21: =AK21/$V21 -> 0.41753939 | AP21: =AL21/$V21 -> 0.11186883 | AQ21: =AM21/$V21 -> 0
A22: 2012 | B22: 8 | C22: 95960 | D22: 21411.85 | E22: 50082.6 | F22: 119033.06 | G22: 28335 | I22: 247131 | K22: =N22-L22 -> 234982 | L22: 10034 | M22: =L22/N22 -> 0.040952428 | N22: 245016 | O22: 266502 | R22: =O22/Q22 -> #DIV/0! | S22: 27 | T22: =N22/S22 -> 9074.6667 | U22: 11415 | V22: ='$'!C9 -> 1.794777 | W22: =SUM(C22:E22)/V22 -> 93300.978 | X22: =C22/$V22 -> 53466.252 | Y22: =D22/$V22 -> 11930.089 | Z22: =E22/$V22 -> 27904.637 | AA22: =C22/((N22+U22)*V22) -> 0.20850152 | AB22: =D22/((N22+U22)*V22) -> 0.046523585 | AC22: =E22/((N22+U22)*V22) -> 0.10881928 | AD22: =(C22+D22+E22)/((N22+U22)*V22) -> 0.36384438 | AE22: =(C22+D22+E22)/((K22+U22)*V22) -> 0.37866118 | AG22: =F22/($N22+$U22) -> 0.46419138 | AH22: =G22/($N22+$U22) -> 0.11049756 | AI22: =I22/($N22+$U22) -> 0.96373293 | AJ22: =C22/F22 -> 0.80616259 | AK22: =D22/G22 -> 0.7556679 | AL22: =E22/I22 -> 0.20265608 | AN22: =AJ22/$V22 -> 0.44917145 | AO22: =AK22/$V22 -> 0.42103721 | AP22: =AL22/$V22 -> 0.11291435 | AQ22: =AM22/$V22 -> 0
A23: 2012 | B23: 9 | C23: 106772.3 | D23: 23886.6 | E23: 56467.7 | F23: 132440 | G23: 31631 | I23: 278638.2 | K23: =N23-L23 -> 257320 | L23: 20716 | M23: =L23/N23 -> 0.074508337 | N23: 278036 | O23: 293592 | R23: =O23/Q23 -> #DIV/0! | S23: 27 | T23: =N23/S23 -> 10297.63 | U23: 12924 | V23: ='$'!C10 -> 1.801074 | W23: =SUM(C23:E23)/V23 -> 103897.23 | X23: =C23/$V23 -> 59282.573 | Y23: =D23/$V23 -> 13262.42 | Z23: =E23/$V23 -> 31352.238 | AA23: =C23/((N23+U23)*V23) -> 0.20374819 | AB23: =D23/((N23+U23)*V23) -> 0.045581592 | AC23: =E23/((N23+U23)*V23) -> 0.10775446 | AD23: =(C23+D23+E23)/((N23+U23)*V23) -> 0.35708424 | AE23: =(C23+D23+E23)/((K23+U23)*V23) -> 0.38445712 | AG23: =F23/($N23+$U23) -> 0.45518284 | AH23: =G23/($N23+$U23) -> 0.10871254 | AI23: =I23/($N23+$U23) -> 0.95765122 | AJ23: =C23/F23 -> 0.80619375 | AK23: =D23/G23 -> 0.75516424 | AL23: =E23/I23 -> 0.20265599 | AN23: =AJ23/$V23 -> 0.44761834 | AO23: =AK23/$V23 -> 0.41928551 | AP23: =AL23/$V23 -> 0.11251952 | AQ23: =AM23/$V23 -> 0
A24: 2012 | B24: 10 | C24: 120537 | D24: 24909.9 | E24: 52992.7 | F24: 135923.13 | G24: 33007 | I24: 244272.6 | K24: =N24-L24 -> 242823 | L24: 24260 | M24: =L24/N24 -> 0.090833187 | N24: 267083 | O24: 288011 | R24: =O24/Q24 -> #DIV/0! | S24: 24 | T24: =N24/S24 -> 11128.458 | U24: 13504 | V24: ='$'!C11 -> 1.80206 | W24: =SUM(C24:E24)/V24 -> 110118.2 | X24: =C24/$V24 -> 66888.45 | Y24: =D24/$V24 -> 13823.014 | Z24: =E24/$V24 -> 29406.735 | AA24: =C24/((N24+U24)*V24) -> 0.23838756 | AB24: =D24/((N24+U24)*V24) -> 0.049264626 | AC24: =E24/((N24+U24)*V24) -> 0.10480434 | AD24: =(C24+D24+E24)/((N24+U24)*V24) -> 0.39245652 | AE24: =(C24+D24+E24)/((K24+U24)*V24) -> 0.42960046 | AG24: =F24/($N24+$U24) -> 0.48442419 | AH24: =G24/($N24+$U24) -> 0.11763553 | AI24: =I24/($N24+$U24) -> 0.87057704 | AJ24: =C24/F24 -> 0.88680271 | AK24: =D24/G24 -> 0.75468537 | AL24: =E24/I24 -> 0.21694083 | AN24: =AJ24/$V24 -> 0.49210499 | AO24: =AK24/$V24 -> 0.41879037 | AP24: =AL24/$V24 -> 0.12038491 | AQ24: =AM24/$V24 -> 0
A25: 2012 | B25: 11 | C25: 133941.28 | D25: 20424.56 | E25: 54423.41 | F25: 151033.95 | G25: 27017 | I25: 250867.8 | K25: =N25-L25 -> 254074 | L25: 22254 | M25: =L25/N25 -> 0.080534727 | N25: 276328 | O25: 305084 | R25: =O25/Q25 -> #DIV/0! | S25: 24 | T25: =N25/S25 -> 11513.667 | U25: 18838 | V25: ='$'!C12 -> 1.793263 | W25: =SUM(C25:E25)/V25 -> 116429.8 | X25: =C25/$V25 -> 74691.375 | Y25: =D25/$V25 -> 11389.607 | Z25: =E25/$V25 -> 30348.817 | AA25: =C25/((N25+U25)*V25) -> 0.25304871 | AB25: =D25/((N25+U25)*V25) -> 0.038587122 | AC25: =E25/((N25+U25)*V25) -> 0.10281949 | AD25: =(C25+D25+E25)/((N25+U25)*V25) -> 0.39445532 | AE25: =(C25+D25+E25)/((K25+U25)*V25) -> 0.4266203 | AG25: =F25/($N25+$U25) -> 0.51169156 | AH25: =G25/($N25+$U25) -> 0.091531545 | AI25: =I25/($N25+$U25) -> 0.84992106 | AJ25: =C25/F25 -> 0.88682895 | AK25: =D25/G25 -> 0.75598919 | AL25: =E25/I25 -> 0.2169406 | AN25: =AJ25/$V25 -> 0.49453368 | AO25: =AK25/$V25 -> 0.42157185 | AP25: =AL25/$V25 -> 0.12097534 | AQ25: =AM25/$V25 -> 0
A26: 2012 | B26: 12 | C26: 137627.44 | D26: 21991.94 | E26: 53909.15 | F26: 155190.49 | G26: 29110 | I26: 248497.2 | K26: =N26-L26 -> 269728 | L26: 16728 | M26: =L26/N26 -> 0.058396403 | N26: 286456 | O26: 315993 | R26: =O26/Q26 -> #DIV/0! | S26: 25 | T26: =N26/S26 -> 11458.24 | U26: 20857 | V26: ='$'!C13 -> 1.787485 | W26: =SUM(C26:E26)/V26 -> 119457.52 | X26: =C26/$V26 -> 76995.018 | Y26: =D26/$V26 -> 12303.286 | Z26: =E26/$V26 -> 30159.218 | AA26: =C26/((N26+U26)*V26) -> 0.25054267 | AB26: =D26/((N26+U26)*V26) -> 0.040035034 | AC26: =E26/((N26+U26)*V26) -> 0.098138439 | AD26: =(C26+D26+E26)/((N26+U26)*V26) -> 0.38871614 | AE26: =(C26+D26+E26)/((K26+U26)*V26) -> 0.41109322 | AG26: =F26/($N26+$U26) -> 0.50499162 | AH26: =G26/($N26+$U26) -> 0.094724271 | AI26: =I26/($N26+$U26) -> 0.80861272 | AJ26: =C26/F26 -> 0.88682908 | AK26: =D26/G26 -> 0.75547716 | AL26: =E26/I26 -> 0.21694067 | AN26: =AJ26/$V26 -> 0.49613232 | AO26: =AK26/$V26 -> 0.42264811 | AP26: =AL26/$V26 -> 0.12136643 | AQ26: =AM26/$V26 -> 0
... A38: 2013 | B38: 12 | C38: 144901.35 | D38: 17593.48 | E38: 57320.02 | F38: 165007.89 | G38: 23236 | I38: 265726.8 | K38: =N38-L38 -> 327767 | L38: 46819 | M38: =L38/N38 -> 0.12498865 | N38: 374586 | O38: 346382 | R38: =O38/Q38 -> #DIV/0! | S38: 27 | T38: =N38/S38 -> 13873.556 | U38: 21500 | V38: ='$'!C25 -> 2.067259 | W38: =SUM(C38:E38)/V38 -> 106331.55 | X38: =C38/$V38 -> 70093.467 | Y38: =D38/$V38 -> 8510.535 | Z38: =E38/$V38 -> 27727.546 | AA38: =C38/((N38+U38)*V38) -> 0.17696527 | AB38: =D38/((N38+U38)*V38) -> 0.021486584 | AC38: =E38/((N38+U38)*V38) -> 0.070003854 | AD38: =(C38+D38+E38)/((N38+U38)*V38) -> 0.26845571 | AE38: =(C38+D38+E38)/((K38+U38)*V38) -> 0.30444201 | AG38: =F38/($N38+$U38) -> 0.41659612 | AH38: =G38/($N38+$U38) -> 0.058664028 | AI38: =I38/($N38+$U38) -> 0.67088158 | AJ38: =C38/F38 -> 0.87814801 | AK38: =D38/G38 -> 0.75716474 | AL38: =E38/I38 -> 0.21571035 | AN38: =AJ38/$V38 -> 0.42478858 | AO38: =AK38/$V38 -> 0.36626506 | AP38: =AL38/$V38 -> 0.10434607 | AQ38: =AM38/$V38 -> 0
A39: 2014 | B39: 1 | C39: 127934.63 | D39: 16162.53 | E39: 51983.86 | F39: 145686.88 | G39: 21325 | I39: 243129.6 | K39: =N39-L39 -> 265489 | L39: 36684 | M39: =L39/N39 -> 0.12140065 | N39: 302173 | O39: 299530 | P39: 255844 | Q39: 152 | R39: =O39/Q39 -> 1970.5921 | S39: 26 | T39: =N39/S39 -> 11622.038 | U39: 19300 | V39: ='$'!C26 -> 2.221045 | W39: =SUM(C39:E39)/V39 -> 88283.227 | X39: =C39/$V39 -> 57601.098 | Y39: =D39/$V39 -> 7276.9935 | Z39: =E39/$V39 -> 23405.136 | AA39: =C39/((N39+U39)*V39) -> 0.17917865 | AB39: =D39/((N39+U39)*V39) -> 0.022636406 | AC39: =E39/((N39+U39)*V39) -> 0.072805915 | AD39: =(C39+D39+E39)/((N39+U39)*V39) -> 0.27462097 | AE39: =(C39+D39+E39)/((K39+U39)*V39) -> 0.30999521 | AF39: =(P39/V39)/K39 -> 0.43388171 | AG39: =F39/($N39+$U39) -> 0.45318543 | AH39: =G39/($N39+$U39) -> 0.066335275 | AI39: =I39/($N39+$U39) -> 0.75629866 | AJ39: =C39/F39 -> 0.87814792 | AK39: =D39/G39 -> 0.75791465 | AL39: =E39/I39 -> 0.21381132 | AN39: =AJ39/$V39 -> 0.39537601 | AO39: =AK39/$V39 -> 0.34124237 | AP39: =AL39/$V39 -> 0.09626609 | AQ39: =AM39/$V39 -> 0
A40: 2014 | B40: 2 | C40: 111388.09 | D40: 15455.88 | E40: 51159.5 | F40: 126844.32 | G40: 20381 | I40: 239274 | K40: =N40-L40 -> 268978 | L40: 38284 | M40: =L40/N40 -> 0.12459725 | N40: 307262 | O40: 324366 | P40: 271774 | Q40: 189 | R40: =O40/Q40 -> 1716.2222 | S40: 25 | T40: =N40/S40 -> 12290.48 | U40: 16360 | V40: ='$'!C27 -> 2.206518 | W40: =SUM(C40:E40)/V40 -> 80671.66 | X40: =C40/$V40 -> 50481.387 | Y40: =D40/$V40 -> 7004.6471 | Z40: =E40/$V40 -> 23185.625 | AA40: =C40/((N40+U40)*V40) -> 0.15598874 | AB40: =D40/((N40+U40)*V40) -> 0.021644533 | AC40: =E40/((N40+U40)*V40) -> 0.071644157 | AD40: =(C40+D40+E40)/((N40+U40)*V40) -> 0.24927743 | AE40: =(C40+D40+E40)/((K40+U40)*V40) -> 0.28272316 | AF40: =(P40/V40)/K40 -> 0.45791374 | AG40: =F40/($N40+$U40) -> 0.39195209 | AH40: =G40/($N40+$U40) -> 0.062977795 | AI40: =I40/($N40+$U40) -> 0.73936259 | AJ40: =C40/F40 -> 0.87814803 | AK40: =D40/G40 -> 0.75834748 | AL40: =E40/I40 -> 0.21381136 | AN40: =AJ40/$V40 -> 0.39797909 | AO40: =AK40/$V40 -> 0.34368515 | AP40: =AL40/$V40 -> 0.096899895 | AQ40: =AM40/$V40 -> 0
A41: 2014 | B41: 3 | C41: 105817.6 | D41: 16157.2 | E41: 53320.85 | F41: 120500.87 | G41: 21316 | I41: 249382.8 | K41: =N41-L41 -> 258151 | L41: 24534 | M41: =L41/N41 -> 0.086789182 | N41: 282685 | O41: 298591 | P41: 273537 | Q41: 170 | R41: =O41/Q41 -> 1756.4176 | S41: 26 | T41: =N41/S41 -> 10872.5 | U41: 23500 | V41: ='$'!C28 -> 2.21216 | W41: =SUM(C41:E41)/V41 -> 79241.85 | X41: =C41/$V41 -> 47834.515 | Y41: =D41/$V41 -> 7303.8117 | Z41: =E41/$V41 -> 24103.523 | AA41: =C41/((N41+U41)*V41) -> 0.15622749 | AB41: =D41/((N41+U41)*V41) -> 0.023854244 | AC41: =E41/((N41+U41)*V41) -> 0.07872209 | AD41: =(C41+D41+E41)/((N41+U41)*V41) -> 0.25880383 | AE41: =(C41+D41+E41)/((K41+U41)*V41) -> 0.28134766 | AF41: =(P41/V41)/K41 -> 0.47898921 | AG41: =F41/($N41+$U41) -> 0.39355576 | AH41: =G41/($N41+$U41) -> 0.069618041 | AI41: =I41/($N41+$U41) -> 0.81448405 | AJ41: =C41/F41 -> 0.87814802 | AK41: =D41/G41 -> 0.75798461 | AL41: =E41/I41 -> 0.21381126 | AN41: =AJ41/$V41 -> 0.39696406 | AO41: =AK41/$V41 -> 0.34264457 | AP41: =AL41/$V41 -> 0.096652709 | AQ41: =AM41/$V41 -> 0
A42: 2014 | B42: 4 | C42: 92453.46 | D42: 15017.61 | E42: 44728.08 | F42: 105282.33 | G42: 19796 | I42: 209194.2 | K42: =N42-L42 -> 214967 | L42: 9499 | M42: =L42/N42 -> 0.042318213 | N42: 224466 | O42: 242297 | P42: 301209 | Q42: 176 | R42: =O42/Q42 -> 1376.6875 | S42: 28 | T42: =N42/S42 -> 8016.6429 | U42: 20200 | V42: ='$'!C29 -> 2.124484 | W42: =SUM(C42:E42)/V42 -> 71640.525 | X42: =C42/$V42 -> 43518.078 | Y42: =D42/$V42 -> 7068.8271 | Z42: =E42/$V42 -> 21053.621 | AA42: =C42/((N42+U42)*V42) -> 0.17786729 | AB42: =D42/((N42+U42)*V42) -> 0.028891742 | AC42: =E42/((N42+U42)*V42) -> 0.086050455 | AD42: =(C42+D42+E42)/((N42+U42)*V42) -> 0.29280948 | AE42: =(C42+D42+E42)/((K42+U42)*V42) -> 0.30463681 | AF42: =(P42/V42)/K42 -> 0.65954234 | AG42: =F42/($N42+$U42) -> 0.43031042 | AH42: =G42/($N42+$U42) -> 0.080910302 | AI42: =I42/($N42+$U42) -> 0.8550195 | AJ42: =C42/F42 -> 0.87814793 | AK42: =D42/G42 -> 0.75861841 | AL42: =E42/I42 -> 0.21381128 | AN42: =AJ42/$V42 -> 0.41334645 | AO42: =AK42/$V42 -> 0.35708361 | AP42: =AL42/$V42 -> 0.10064151 | AQ42: =AM42/$V42 -> 0
A43: 2014 | B43: 5 | C43: 92428.83 | D43: 16685.19 | E43: 50530.24 | F43: 105254.28 | G43: 22023 | I43: 236331 | K43: =N43-L43 -> 226364 | L43: 20665 | M43: =L43/N43 -> 0.083654146 | N43: 247029 | O43: 265210 | P43: 326302 | Q43: 174 | R43: =O43/Q43 -> 1524.1954 | S43: 27 | T43: =N43/S43 -> 9149.2222 | U43: 22638 | V43: ='$'!C30 -> 2.090432 | W43: =SUM(C43:E43)/V43 -> 76369.028 | X43: =C43/$V43 -> 44215.181 | Y43: =D43/$V43 -> 7981.6947 | Z43: =E43/$V43 -> 24172.152 | AA43: =C43/((N43+U43)*V43) -> 0.16396215 | AB43: =D43/((N43+U43)*V43) -> 0.029598337 | AC43: =E43/((N43+U43)*V43) -> 0.089637041 | AD43: =(C43+D43+E43)/((N43+U43)*V43) -> 0.28319753 | AE43: =(C43+D43+E43)/((K43+U43)*V43) -> 0.30670046 | AF43: =(P43/V43)/K43 -> 0.68956678 | AG43: =F43/($N43+$U43) -> 0.39031205 | AH43: =G43/($N43+$U43) -> 0.08166739 | AI43: =I43/($N43+$U43) -> 0.87638087 | AJ43: =C43/F43 -> 0.87814795 | AK43: =D43/G43 -> 0.75762566 | AL43: =E43/I43 -> 0.21381131 | AN43: =AJ43/$V43 -> 0.42007965 | AO43: =AK43/$V43 -> 0.3624254 | AP43: =AL43/$V43 -> 0.10228092 | AQ43: =AM43/$V43 -> 0
A44: 2014 | B44: 6 | C44: 93343.73 | D44: 16543.67 | E44: 54216.81 | F44: 106296.13 | G44: 21834 | I44: 253573.2 | K44: =N44-L44 -> 261451 | L44: 19440 | M44: =L44/N44 -> 0.069208341 | N44: 280891 | O44: 286121 | P44: 285636 | Q44: 172 | R44: =O44/Q44 -> 1663.4942 | S44: 25 | T44: =N44/S44 -> 11235.64 | U44: 25200 | V44: ='$'!C31 -> 2.118606 | W44: =SUM(C44:E44)/V44 -> 77458.579 | X44: =C44/$V44 -> 44059.032 | Y44: =D44/$V44 -> 7808.7525 | Z44: =E44/$V44 -> 25590.794 | AA44: =C44/((N44+U44)*V44) -> 0.14394096 | AB44: =D44/((N44+U44)*V44) -> 0.025511213 | AC44: =E44/((N44+U44)*V44) -> 0.083605183 | AD44: =(C44+D44+E44)/((N44+U44)*V44) -> 0.25305736 | AE44: =(C44+D44+E44)/((K44+U44)*V44) -> 0.27021911 | AF44: =(P44/V44)/K44 -> 0.51567068 | AG44: =F44/($N44+$U44) -> 0.3472697 | AH44: =G44/($N44+$U44) -> 0.071331728 | AI44: =I44/($N44+$U44) -> 0.82842423 | AJ44: =C44/F44 -> 0.87814796 | AK44: =D44/G44 -> 0.75770221 | AL44: =E44/I44 -> 0.21381128 | AN44: =AJ44/$V44 -> 0.41449329 | AO44: =AK44/$V44 -> 0.35764187 | AP44: =AL44/$V44 -> 0.10092074 | AQ44: =AM44/$V44 -> 0
A45: 2014 | B45: 7 | C45: 78040.75 | D45: 16448.06 | E45: 48507.79 | F45: 88869.71 | G45: 21471 | I45: 226872 | K45: =N45-L45 -> 204265 | L45: 16676 | M45: =L45/N45 -> 0.075477164 | N45: 220941 | O45: 245392 | P45: 285636 | Q45: 174 | R45: =O45/Q45 -> 1410.2989 | S45: 25 | T45: =N45/S45 -> 8837.64 | U45: 31162 | V45: ='$'!C32 -> 2.119044 | W45: =SUM(C45:E45)/V45 -> 67481.657 | X45: =C45/$V45 -> 36828.282 | Y45: =D45/$V45 -> 7762.0191 | Z45: =E45/$V45 -> 22891.356 | AA45: =C45/((N45+U45)*V45) -> 0.14608427 | AB45: =D45/((N45+U45)*V45) -> 0.030789079 | AC45: =E45/((N45+U45)*V45) -> 0.0908016 | AD45: =(C45+D45+E45)/((N45+U45)*V45) -> 0.26767495 | AE45: =(C45+D45+E45)/((K45+U45)*V45) -> 0.28663516 | AF45: =(P45/V45)/K45 -> 0.65990134 | AG45: =F45/($N45+$U45) -> 0.3525135 | AH45: =G45/($N45+$U45) -> 0.08516757 | AI45: =I45/($N45+$U45) -> 0.89991789 | AJ45: =C45/F45 -> 0.87814791 | AK45: =D45/G45 -> 0.76605934 | AL45: =E45/I45 -> 0.21381127 | AN45: =AJ45/$V45 -> 0.41440759 | AO45: =AK45/$V45 -> 0.36151176 | AP45: =AL45/$V45 -> 0.10089987 | AQ45: =AM45/$V45 -> 0
A46: 2014 | B46: 8 | C46: 83325.68 | D46: 18280.89 | E46: 55710.05 | F46: 94887.96 | G46: 24154 | I46: 260557 | K46: =N46-L46 -> 250415 | L46: 20500 | M46: =L46/N46 -> 0.07566949 | N46: 270915 | O46: 267822 | P46: 307878 | Q46: 174 | R46: =O46/Q46 -> 1539.2069 | S46: 28 | T46: =N46/S46 -> 9675.5357 | U46: 18828 | V46: ='$'!C33 -> 2.15926 | W46: =SUM(C46:E46)/V46 -> 72856.729 | X46: =C46/$V46 -> 38589.924 | Y46: =D46/$V46 -> 8466.2755 | Z46: =E46/$V46 -> 25800.529 | AA46: =C46/((N46+U46)*V46) -> 0.13318674 | AB46: =D46/((N46+U46)*V46) -> 0.029219948 | AC46: =E46/((N46+U46)*V46) -> 0.089046254 | AD46: =(C46+D46+E46)/((N46+U46)*V46) -> 0.25145294 | AE46: =(C46+D46+E46)/((K46+U46)*V46) -> 0.27059841 | AF46: =(P46/V46)/K46 -> 0.56939464 | AG46: =F46/($N46+$U46) -> 0.32749009 | AH46: =G46/($N46+$U46) -> 0.083363533 | AI46: =I46/($N46+$U46) -> 0.89926935 | AJ46: =C46/F46 -> 0.87814808 | AK46: =D46/G46 -> 0.75684731 | AL46: =E46/I46 -> 0.21381137 | AN46: =AJ46/$V46 -> 0.40668937 | AO46: =AK46/$V46 -> 0.35051236 | AP46: =AL46/$V46 -> 0.099020671 | AQ46: =AM46/$V46 -> 0
A47: 2014 | B47: 9 | C47: 96420.6 | D47: 21985.19 | E47: 48077.52 | F47: 109799.95 | G47: 29101 | I47: 224859.6 | K47: =N47-L47 -> 315453 | L47: 18625 | M47: =L47/N47 -> 0.055750453 | N47: 334078 | O47: 412224 | P47: 326395 | Q47: 187 | R47: =O47/Q47 -> 2204.4064 | S47: 28 | T47: =N47/S47 -> 11931.357 | U47: 30300 | V47: ='$'!C34 -> 2.213771 | W47: =SUM(C47:E47)/V47 -> 75203.492 | X47: =C47/$V47 -> 43554.912 | Y47: =D47/$V47 -> 9931.104 | Z47: =E47/$V47 -> 21717.477 | AA47: =C47/((N47+U47)*V47) -> 0.11953222 | AB47: =D47/((N47+U47)*V47) -> 0.027254949 | AC47: =E47/((N47+U47)*V47) -> 0.059601504 | AD47: =(C47+D47+E47)/((N47+U47)*V47) -> 0.20638867 | AE47: =(C47+D47+E47)/((K47+U47)*V47) -> 0.21750641 | AF47: =(P47/V47)/K47 -> 0.46738648 | AG47: =F47/($N47+$U47) -> 0.30133529 | AH47: =G47/($N47+$U47) -> 0.079864866 | AI47: =I47/($N47+$U47) -> 0.61710531 | AJ47: =C47/F47 -> 0.87814794 | AK47: =D47/G47 -> 0.75547885 | AL47: =E47/I47 -> 0.21381128 | AN47: =AJ47/$V47 -> 0.39667515 | AO47: =AK47/$V47 -> 0.34126332 | AP47: =AL47/$V47 -> 0.096582386 | AQ47: =AM47/$V47 -> 0
A48: 2014 | B48: 10 | C48: 115280.36 | D48: 21704.39 | E48: 61831.92 | F48: 119678.67 | G48: 28726 | I48: 276514.2 | K48: =N48-L48 -> 289761 | L48: 16714 | M48: =L48/N48 -> 0.054536259 | N48: 306475 | O48: 392664 | P48: 335869 | Q48: 212 | R48: =O48/Q48 -> 1852.1887 | S48: 25 | T48: =N48/S48 -> 12259 | U48: 48007 | V48: ='$'!C35 -> 2.25606 | W48: =SUM(C48:E48)/V48 -> 88125.613 | X48: =C48/$V48 -> 51098.091 | Y48: =D48/$V48 -> 9620.4844 | Z48: =E48/$V48 -> 27407.037 | AA48: =C48/((N48+U48)*V48) -> 0.14414862 | AB48: =D48/((N48+U48)*V48) -> 0.027139557 | AC48: =E48/((N48+U48)*V48) -> 0.077315737 | AD48: =(C48+D48+E48)/((N48+U48)*V48) -> 0.24860391 | AE48: =(C48+D48+E48)/((K48+U48)*V48) -> 0.26090575 | AF48: =(P48/V48)/K48 -> 0.51378254 | AG48: =F48/($N48+$U48) -> 0.33761565 | AH48: =G48/($N48+$U48) -> 0.081036555 | AI48: =I48/($N48+$U48) -> 0.78005146 | AJ48: =C48/F48 -> 0.96324901 | AK48: =D48/G48 -> 0.75556604 | AL48: =E48/I48 -> 0.2236121 | AN48: =AJ48/$V48 -> 0.42696072 | AO48: =AK48/$V48 -> 0.33490512 | AP48: =AL48/$V48 -> 0.099116201 | AQ48: =AM48/$V48 -> 0
A49: 2014 | B49: 11 | C49: 126066.04 | D49: 22161.16 | E49: 69876.31 | F49: 130875.86 | G49: 29336 | I49: 312489 | K49: =N49-L49 -> 308134 | L49: 16022 | M49: =L49/N49 -> 0.049426819 | N49: 324156 | O49: 414277 | P49: 317701 | Q49: 202 | R49: =O49/Q49 -> 2050.8762 | S49: 27 | T49: =N49/S49 -> 12005.778 | U49: 62310 | V49: ='$'!C36 -> 2.232761 | W49: =SUM(C49:E49)/V49 -> 97683.321 | X49: =C49/$V49 -> 56461.95 | Y49: =D49/$V49 -> 9925.451 | Z49: =E49/$V49 -> 31295.92 | AA49: =C49/((N49+U49)*V49) -> 0.1460981 | AB49: =D49/((N49+U49)*V49) -> 0.025682598 | AC49: =E49/((N49+U49)*V49) -> 0.08097975 | AD49: =(C49+D49+E49)/((N49+U49)*V49) -> 0.25276045 | AE49: =(C49+D49+E49)/((K49+U49)*V49) -> 0.26369255 | AF49: =(P49/V49)/K49 -> 0.4617817 | AG49: =F49/($N49+$U49) -> 0.3386478 | AH49: =G49/($N49+$U49) -> 0.075908359 | AI49: =I49/($N49+$U49) -> 0.80858083 | AJ49: =C49/F49 -> 0.96324899 | AK49: =D49/G49 -> 0.75542542 | AL49: =E49/I49 -> 0.22361206 | AN49: =AJ49/$V49 -> 0.43141608 | AO49: =AK49/$V49 -> 0.33833689 | AP49: =AL49/$V49 -> 0.10015047 | AQ49: =AM49/$V49 -> 0
A50: 2014 | B50: 12 | C50: 131972.06 | D50: =27809.83-6094.95 -> 21714.88 | E50: 72037.74 | F50: 137007.2 | G50: 28740 | I50: 322155 | K50: =N50-L50 -> 311688 | L50: 16323 | M50: =L50/N50 -> 0.049763575 | N50: 328011 | O50: 395378 | P50: 335338 | Q50: 221 | R50: =O50/Q50 -> 1789.0407 | S50: 28 | T50: =N50/S50 -> 11714.679 | U50: 67366 | V50: ='$'!C37 -> 2.29694 | W50: =SUM(C50:E50)/V50 -> 98271.91 | X50: =C50/$V50 -> 57455.597 | Y50: =D50/$V50 -> 9453.8299 | Z50: =E50/$V50 -> 31362.482 | AA50: =C50/((N50+U50)*V50) -> 0.14531851 | AB50: =D50/((N50+U50)*V50) -> 0.023910925 | AC50: =E50/((N50+U50)*V50) -> 0.079322981 | AD50: =(C50+D50+E50)/((N50+U50)*V50) -> 0.24855242 | AE50: =(C50+D50+E50)/((K50+U50)*V50) -> 0.2592557 | AF50: =(P50/V50)/K50 -> 0.46839585 | AG50: =F50/($N50+$U50) -> 0.34652294 | AH50: =G50/($N50+$U50) -> 0.072690116 | AI50: =I50/($N50+$U50) -> 0.8148046 | AJ50: =C50/F50 -> 0.96324908 | AK50: =D50/G50 -> 0.75556298 | AL50: =E50/I50 -> 0.22361205 | AN50: =AJ50/$V50 -> 0.41936188 | AO50: =AK50/$V50 -> 0.32894328 | AP50: =AL50/$V50 -> 0.097352151 | AQ50: =AM50/$V50 -> 0
A51: 2015 | B51: 1 | C51: 124111.64 | D51: 24642.82 | E51: 61903.96 | F51: 128846.89 | G51: 26173 | I51: 276836.4 | K51: =N51-L51 -> 259351 | L51: 29157 | M51: =L51/N51 -> 0.10106132 | N51: 288508 | O51: 292253 | P51: 351348 | Q51: 222 | R51: =O51/Q51 -> 1316.455 | S51: 28 | T51: =N51/S51 -> 10303.857 | U51: 50582 | V51: ='$'!C38 -> 2.33742 | W51: =SUM(C51:E51)/V51 -> 90124.334 | X51: =C51/$V51 -> 53097.706 | Y51: =D51/$V51 -> 10542.744 | Z51: =E51/$V51 -> 26483.884 | AA51: =C51/((N51+U51)*V51) -> 0.15658883 | AB51: =D51/((N51+U51)*V51) -> 0.031091285 | AC51: =E51/((N51+U51)*V51) -> 0.078102816 | AD51: =(C51+D51+E51)/((N51+U51)*V51) -> 0.26578293 | AE51: =(C51+D51+E51)/((K51+U51)*V51) -> 0.2907865 | AF51: =(P51/V51)/K51 -> 0.57957922 | AG51: =F51/($N51+$U51) -> 0.37997844 | AH51: =G51/($N51+$U51) -> 0.077185998 | AI51: =I51/($N51+$U51) -> 0.8164098 | AJ51: =C51/F51 -> 0.96324902 | AK51: =D51/G51 -> 0.94153593 | AL51: =E51/I51 -> 0.22361207 | AN51: =AJ51/$V51 -> 0.41209924 | AO51: =AK51/$V51 -> 0.40280991 | AP51: =AL51/$V51 -> 0.095666191 | AQ51: =AM51/$V51 -> 0
A52: 2015 | B52: 2 | C52: 91115.85 | D52: 16089.19 | E52: 46564.2 | F52: 94592.2 | G52: 17016 | I52: 208236.6 | K52: =N52-L52 -> 163169 | L52: 21310 | M52: =L52/N52 -> 0.1155145 | N52: 184479 | O52: 195267 | P52: 266581 | Q52: 192 | R52: =O52/Q52 -> 1017.0156 | S52: 23 | T52: =N52/S52 -> 8020.8261 | U52: 45356 | V52: ='$'!C39 -> 2.465029 | W52: =SUM(C52:E52)/V52 -> 62380.297 | X52: =C52/$V52 -> 36963.399 | Y52: =D52/$V52 -> 6526.978 | Z52: =E52/$V52 -> 18889.92 | AA52: =C52/((N52+U52)*V52) -> 0.1608258 | AB52: =D52/((N52+U52)*V52) -> 0.028398538 | AC52: =E52/((N52+U52)*V52) -> 0.082189048 | AD52: =(C52+D52+E52)/((N52+U52)*V52) -> 0.27141339 | AE52: =(C52+D52+E52)/((K52+U52)*V52) -> 0.29915021 | AF52: =(P52/V52)/K52 -> 0.66278017 | AG52: =F52/($N52+$U52) -> 0.41156569 | AH52: =G52/($N52+$U52) -> 0.074035721 | AI52: =I52/($N52+$U52) -> 0.9060265 | AJ52: =C52/F52 -> 0.96324908 | AK52: =D52/G52 -> 0.94553303 | AL52: =E52/I52 -> 0.22361199 | AN52: =AJ52/$V52 -> 0.39076582 | AO52: =AK52/$V52 -> 0.38357887 | AP52: =AL52/$V52 -> 0.090713735 | AQ52: =AM52/$V52 -> 0
A53: 2015 | B53: 3 | C53: 114173.87 | D53: 17228.8 | E53: 59819.4 | F53: 118529.95 | G53: 18236 | I53: 267514.2 | K53: =N53-L53 -> 235748 | L53: 42644 | M53: =L53/N53 -> 0.15317969 | N53: 278392 | O53: 263150 | P53: 334194 | Q53: 190 | R53: =O53/Q53 -> 1385 | S53: 27 | T53: =N53/S53 -> 10310.815 | U53: 49780 | V53: ='$'!C40 -> 2.595899 | W53: =SUM(C53:E53)/V53 -> 73663.139 | X53: =C53/$V53 -> 43982.401 | Y53: =D53/$V53 -> 6636.93 | Z53: =E53/$V53 -> 23043.809 | AA53: =C53/((N53+U53)*V53) -> 0.13402241 | AB53: =D53/((N53+U53)*V53) -> 0.020223938 | AC53: =E53/((N53+U53)*V53) -> 0.070218692 | AD53: =(C53+D53+E53)/((N53+U53)*V53) -> 0.22446503 | AE53: =(C53+D53+E53)/((K53+U53)*V53) -> 0.2579892 | AF53: =(P53/V53)/K53 -> 0.54608826 | AG53: =F53/($N53+$U53) -> 0.3611824 | AH53: =G53/($N53+$U53) -> 0.055568421 | AI53: =I53/($N53+$U53) -> 0.81516461 | AJ53: =C53/F53 -> 0.96324912 | AK53: =D53/G53 -> 0.94476859 | AL53: =E53/I53 -> 0.22361205 | AN53: =AJ53/$V53 -> 0.37106572 | AO53: =AK53/$V53 -> 0.36394659 | AP53: =AL53/$V53 -> 0.086140507 | AQ53: =AM53/$V53 -> 0
A54: 2015 | B54: 4 | C54: 113218.77 | D54: 18008.78 | E54: 53025.99 | F54: 117538.42 | G54: 19071 | I54: 237133.8 | K54: =N54-L54 -> 273675 | L54: 32733 | M54: =L54/N54 -> 0.10682815 | N54: 306408 | O54: 294791 | P54: 341299 | Q54: 172 | R54: =O54/Q54 -> 1713.9012 | S54: 28 | T54: =N54/S54 -> 10943.143 | U54: 31664 | V54: ='$'!C41 -> 2.651767 | W54: =SUM(C54:E54)/V54 -> 69483.307 | X54: =C54/$V54 -> 42695.595 | Y54: =D54/$V54 -> 6791.2377 | Z54: =E54/$V54 -> 19996.474 | AA54: =C54/((N54+U54)*V54) -> 0.12629143 | AB54: =D54/((N54+U54)*V54) -> 0.02008814 | AC54: =E54/((N54+U54)*V54) -> 0.059148566 | AD54: =(C54+D54+E54)/((N54+U54)*V54) -> 0.20552813 | AE54: =(C54+D54+E54)/((K54+U54)*V54) -> 0.22756119 | AF54: =(P54/V54)/K54 -> 0.47028868 | AG54: =F54/($N54+$U54) -> 0.34767274 | AH54: =G54/($N54+$U54) -> 0.05641106 | AI54: =I54/($N54+$U54) -> 0.70142987 | AJ54: =C54/F54 -> 0.96324904 | AK54: =D54/G54 -> 0.94430182 | AL54: =E54/I54 -> 0.22361211 | AN54: =AJ54/$V54 -> 0.36324799 | AO54: =AK54/$V54 -> 0.35610286 | AP54: =AL54/$V54 -> 0.084325702 | AQ54: =AM54/$V54 -> 0
A55: 2015 | B55: 5 | C55: 97775.74 | D55: 20770.02 | E55: 51776.22 | F55: 101506.2 | G55: 22027 | I55: 231544.8 | K55: =N55-L55 -> 250757 | L55: 20522 | M55: =L55/N55 -> 0.075649055 | N55: 271279 | O55: 267289 | P55: 316504 | Q55: 177 | R55: =O55/Q55 -> 1510.1073 | S55: 26 | T55: =N55/S55 -> 10433.808 | U55: 30362 | V55: ='$'!C42 -> 2.644839 | W55: =SUM(C55:E55)/V55 -> 64397.863 | X55: =C55/$V55 -> 36968.504 | Y55: =D55/$V55 -> 7853.0376 | Z55: =E55/$V55 -> 19576.322 | AA55: =C55/((N55+U55)*V55) -> 0.12255795 | AB55: =D55/((N55+U55)*V55) -> 0.026034384 | AC55: =E55/((N55+U55)*V55) -> 0.064899407 | AD55: =(C55+D55+E55)/((N55+U55)*V55) -> 0.21349174 | AE55: =(C55+D55+E55)/((K55+U55)*V55) -> 0.22907688 | AF55: =(P55/V55)/K55 -> 0.47722908 | AG55: =F55/($N55+$U55) -> 0.33651327 | AH55: =G55/($N55+$U55) -> 0.073023893 | AI55: =I55/($N55+$U55) -> 0.76761713 | AJ55: =C55/F55 -> 0.96324894 | AK55: =D55/G55 -> 0.94293458 | AL55: =E55/I55 -> 0.2236121 | AN55: =AJ55/$V55 -> 0.36419946 | AO55: =AK55/$V55 -> 0.35651871 | AP55: =AL55/$V55 -> 0.084546585 | AQ55: =AM55/$V55 -> 0
A56: 2015 | B56: 6 | C56: 102918.73 | D56: =20091.85 -> 20091.85 | E56: =57861.23 -> 57861.23 | F56: 106845.4 | G56: 21301 | I56: 258757.2 | K56: =N56-L56 -> 270643 | L56: 26426 | M56: =L56/N56 -> 0.088955764 | N56: 297069 | O56: 302845 | P56: 335388 | Q56: 185 | R56: =O56/Q56 -> 1637 | S56: 27 | T56: =N56/S56 -> 11002.556 | U56: 39525 | V56: ='$'!C43 -> 2.695537 | W56: =SUM(C56:E56)/V56 -> 67100.474 | X56: =C56/$V56 -> 38181.16 | Y56: =D56/$V56 -> 7453.7467 | Z56: =E56/$V56 -> 21465.567 | AA56: =C56/((N56+U56)*V56) -> 0.11343387 | AB56: =D56/((N56+U56)*V56) -> 0.022144621 | AC56: =E56/((N56+U56)*V56) -> 0.063772875 | AD56: =(C56+D56+E56)/((N56+U56)*V56) -> 0.19935137 | AE56: =(C56+D56+E56)/((K56+U56)*V56) -> 0.2163359 | AF56: =(P56/V56)/K56 -> 0.45973273 | AG56: =F56/($N56+$U56) -> 0.31743109 | AH56: =G56/($N56+$U56) -> 0.063283956 | AI56: =I56/($N56+$U56) -> 0.76875167 | AJ56: =C56/F56 -> 0.96324905 | AK56: =D56/G56 -> 0.94323506 | AL56: =E56/I56 -> 0.22361206 | AN56: =AJ56/$V56 -> 0.35734959 | AO56: =AK56/$V56 -> 0.34992473 | AP56: =AL56/$V56 -> 0.082956405 | AQ56: =AM56/$V56 -> 0
A57: 2015 | B57: 7 | C57: 80617.71 | D57: 17563.21 | E57: 50131.59 | F57: 83693.52 | G57: 18594 | I57: 224190 | K57: =N57-L57 -> 247440 | L57: 14695 | M57: =L57/N57 -> 0.056058901 | N57: 262135 | O57: 320003 | P57: 347868 | Q57: 181 | R57: =O57/Q57 -> 1767.9724 | S57: 26 | T57: =N57/S57 -> 10082.115 | U57: 15852 | V57: ='$'!C44 -> 2.697111 | W57: =SUM(C57:E57)/V57 -> 54989.398 | X57: =C57/$V57 -> 29890.394 | Y57: =D57/$V57 -> 6511.8603 | Z57: =E57/$V57 -> 18587.144 | AA57: =C57/((N57+U57)*V57) -> 0.10752443 | AB57: =D57/((N57+U57)*V57) -> 0.023425053 | AC57: =E57/((N57+U57)*V57) -> 0.066863356 | AD57: =(C57+D57+E57)/((N57+U57)*V57) -> 0.19781284 | AE57: =(C57+D57+E57)/((K57+U57)*V57) -> 0.20885328 | AF57: =(P57/V57)/K57 -> 0.52124962 | AG57: =F57/($N57+$U57) -> 0.30106991 | AH57: =G57/($N57+$U57) -> 0.06688802 | AI57: =I57/($N57+$U57) -> 0.80647656 | AJ57: =C57/F57 -> 0.96324913 | AK57: =D57/G57 -> 0.9445633 | AL57: =E57/I57 -> 0.22361207 | AN57: =AJ57/$V57 -> 0.35714108 | AO57: =AK57/$V57 -> 0.35021299 | AP57: =AL57/$V57 -> 0.082907997 | AQ57: =AM57/$V57 -> 0
A58: 2015 | B58: 8 | C58: 96583.51 | D58: 19457.59 | E58: 66583.06 | F58: 100268.47 | G58: 20622 | I58: 297761.4 | K58: =N58-L58 -> 314964 | L58: 9202 | M58: =L58/N58 -> 0.028386691 | N58: 324166 | O58: 372481 | P58: 338653 | Q58: 177 | R58: =O58/Q58 -> 2104.4124 | S58: 29 | T58: =N58/S58 -> 11178.138 | U58: 26558 | V58: ='$'!C45 -> 2.85218 | W58: =SUM(C58:E58)/V58 -> 64029.676 | X58: =C58/$V58 -> 33863.049 | Y58: =D58/$V58 -> 6822.0063 | Z58: =E58/$V58 -> 23344.621 | AA58: =C58/((N58+U58)*V58) -> 0.096551843 | AB58: =D58/((N58+U58)*V58) -> 0.01945121 | AC58: =E58/((N58+U58)*V58) -> 0.066561229 | AD58: =(C58+D58+E58)/((N58+U58)*V58) -> 0.18256428 | AE58: =(C58+D58+E58)/((K58+U58)*V58) -> 0.18748331 | AF58: =(P58/V58)/K58 -> 0.37697893 | AG58: =F58/($N58+$U58) -> 0.28588996 | AH58: =G58/($N58+$U58) -> 0.058798371 | AI58: =I58/($N58+$U58) -> 0.84899066 | AJ58: =C58/F58 -> 0.96324907 | AK58: =D58/G58 -> 0.94353554 | AL58: =E58/I58 -> 0.22361213 | AN58: =AJ58/$V58 -> 0.3377238 | AO58: =AK58/$V58 -> 0.33081206 | AP58: =AL58/$V58 -> 0.078400426 | AQ58: =AM58/$V58 -> 0
A59: 2015 | B59: 9 | C59: 89521.53 | D59: 19060.6 | E59: 61267.2 | F59: 92937.05 | G59: 20197 | I59: 273988.8 | K59: =N59-L59 -> 251609 | L59: 19081 | M59: =L59/N59 -> 0.070490229 | N59: 270690 | O59: 289073 | P59: 331001 | Q59: 178 | R59: =O59/Q59 -> 1624.0056 | S59: 24 | T59: =N59/S59 -> 11278.75 | U59: 31300 | V59: ='$'!C46 -> 3.019192 | W59: =SUM(C59:E59)/V59 -> 56256.551 | X59: =C59/$V59 -> 29650.824 | Y59: =D59/$V59 -> 6313.146 | Z59: =E59/$V59 -> 20292.582 | AA59: =C59/((N59+U59)*V59) -> 0.098184787 | AB59: =D59/((N59+U59)*V59) -> 0.020905149 | AC59: =E59/((N59+U59)*V59) -> 0.067196204 | AD59: =(C59+D59+E59)/((N59+U59)*V59) -> 0.18628614 | AE59: =(C59+D59+E59)/((K59+U59)*V59) -> 0.19885034 | AF59: =(P59/V59)/K59 -> 0.43572492 | AG59: =F59/($N59+$U59) -> 0.30774877 | AH59: =G59/($N59+$U59) -> 0.066879698 | AI59: =I59/($N59+$U59) -> 0.90727772 | AJ59: =C59/F59 -> 0.9632491 | AK59: =D59/G59 -> 0.94373422 | AL59: =E59/I59 -> 0.22361206 | AN59: =AJ59/$V59 -> 0.31904202 | AO59: =AK59/$V59 -> 0.3125784 | AP59: =AL59/$V59 -> 0.074063544 | AQ59: =AM59/$V59 -> 0
A60: 2015 | B60: 10 | C60: 102049.67 | D60: 19950.79 | E60: 73231.98 | F60: 105943.18 | G60: 21150 | I60: 327495.6 | K60: =N60-L60 -> 308025 | L60: 21572 | M60: =L60/N60 -> 0.065449625 | N60: 329597 | O60: 367569 | P60: 376679 | Q60: 189 | R60: =O60/Q60 -> 1944.8095 | S60: 28 | T60: =N60/S60 -> 11771.321 | U60: 46080 | V60: ='$'!C47 -> 2.924633 | W60: =SUM(C60:E60)/V60 -> 66754.509 | X60: =C60/$V60 -> 34893.154 | Y60: =D60/$V60 -> 6821.6388 | Z60: =E60/$V60 -> 25039.716 | AA60: =C60/((N60+U60)*V60) -> 0.09288073 | AB60: =D60/((N60+U60)*V60) -> 0.018158255 | AC60: =E60/((N60+U60)*V60) -> 0.066652247 | AD60: =(C60+D60+E60)/((N60+U60)*V60) -> 0.17769123 | AE60: =(C60+D60+E60)/((K60+U60)*V60) -> 0.18851614 | AF60: =(P60/V60)/K60 -> 0.41813264 | AG60: =F60/($N60+$U60) -> 0.28200603 | AH60: =G60/($N60+$U60) -> 0.056298363 | AI60: =I60/($N60+$U60) -> 0.8717478 | AJ60: =C60/F60 -> 0.96324907 | AK60: =D60/G60 -> 0.94329976 | AL60: =E60/I60 -> 0.2236121 | AN60: =AJ60/$V60 -> 0.32935725 | AO60: =AK60/$V60 -> 0.32253611 | AP60: =AL60/$V60 -> 0.076458176 | AQ60: =AM60/$V60 -> 0
A61: 2015 | B61: 11 | C61: 113018.41 | D61: 18547.75 | E61: 75827.7 | F61: 117330.42 | G61: 19648 | I61: 339103.8 | K61: =N61-L61 -> 298426 | L61: 30494 | M61: =L61/N61 -> 0.092709473 | N61: 328920 | O61: 348269 | P61: 358898 | Q61: 186 | R61: =O61/Q61 -> 1872.414 | S61: 28 | T61: =N61/S61 -> 11747.143 | U61: 51672 | V61: ='$'!C48 -> 2.88002 | W61: =SUM(C61:E61)/V61 -> 72011.257 | X61: =C61/$V61 -> 39242.231 | Y61: =D61/$V61 -> 6440.1462 | Z61: =E61/$V61 -> 26328.88 | AA61: =C61/((N61+U61)*V61) -> 0.1031084 | AB61: =D61/((N61+U61)*V61) -> 0.016921392 | AC61: =E61/((N61+U61)*V61) -> 0.069178752 | AD61: =(C61+D61+E61)/((N61+U61)*V61) -> 0.18920854 | AE61: =(C61+D61+E61)/((K61+U61)*V61) -> 0.20568886 | AF61: =(P61/V61)/K61 -> 0.41757922 | AG61: =F61/($N61+$U61) -> 0.30828399 | AH61: =G61/($N61+$U61) -> 0.051624837 | AI61: =I61/($N61+$U61) -> 0.89099035 | AJ61: =C61/F61 -> 0.963249 | AK61: =D61/G61 -> 0.94400193 | AL61: =E61/I61 -> 0.22361206 | AN61: =AJ61/$V61 -> 0.33445914 | AO61: =AK61/$V61 -> 0.32777617 | AP61: =AL61/$V61 -> 0.077642538 | AQ61: =AM61/$V61 -> 0
A62: 2015 | B62: 12 | C62: 121239.34 | D62: 17793 | E62: 76691.48 | F62: 125916.92 | G62: 18840 | I62: 342966.6 | K62: =N62-L62 -> 290131 | L62: 31800 | M62: =L62/N62 -> 0.098778931 | N62: 321931 | O62: 359789 | P62: 329812 | Q62: 167 | R62: =O62/Q62 -> 2154.4251 | S62: 29 | T62: =N62/S62 -> 11101.069 | U62: 68114 | V62: ='$'!C49 -> 2.92173 | W62: =SUM(C62:E62)/V62 -> 73834.276 | X62: =C62/$V62 -> 41495.737 | Y62: =D62/$V62 -> 6089.8851 | Z62: =E62/$V62 -> 26248.654 | AA62: =C62/((N62+U62)*V62) -> 0.10638705 | AB62: =D62/((N62+U62)*V62) -> 0.015613288 | AC62: =E62/((N62+U62)*V62) -> 0.067296476 | AD62: =(C62+D62+E62)/((N62+U62)*V62) -> 0.18929682 | AE62: =(C62+D62+E62)/((K62+U62)*V62) -> 0.20609995 | AF62: =(P62/V62)/K62 -> 0.38907403 | AG62: =F62/($N62+$U62) -> 0.32282665 | AH62: =G62/($N62+$U62) -> 0.048302119 | AI62: =I62/($N62+$U62) -> 0.87930008 | AJ62: =C62/F62 -> 0.96285186 | AK62: =D62/G62 -> 0.94442675 | AL62: =E62/I62 -> 0.2236121 | AN62: =AJ62/$V62 -> 0.32954854 | AO62: =AK62/$V62 -> 0.32324231 | AP62: =AL62/$V62 -> 0.076534141 | AQ62: =AM62/$V62 -> 0
A63: 2016 | B63: 1 | C63: 108912.94 | D63: 17399.18 | E63: 72464.27 | F63: 113068.31 | G63: 16744 | I63: 319743 | K63: =N63-L63 -> 259190 | L63: 25847 | M63: =L63/N63 -> 0.090679456 | N63: 285037 | O63: 299497 | P63: 384549 | Q63: 150 | R63: =O63/Q63 -> 1996.6467 | S63: 28 | T63: =N63/S63 -> 10179.893 | U63: 47036 | V63: ='$'!C50 -> 3.001791 | W63: =SUM(C63:E63)/V63 -> 66219.264 | X63: =C63/$V63 -> 36282.653 | Y63: =D63/$V63 -> 5796.2663 | Z63: =E63/$V63 -> 24140.345 | AA63: =C63/((N63+U63)*V63) -> 0.10926107 | AB63: =D63/((N63+U63)*V63) -> 0.017454795 | AC63: =E63/((N63+U63)*V63) -> 0.072695898 | AD63: =(C63+D63+E63)/((N63+U63)*V63) -> 0.19941177 | AE63: =(C63+D63+E63)/((K63+U63)*V63) -> 0.21624311 | AF63: =(P63/V63)/K63 -> 0.49425719 | AG63: =F63/($N63+$U63) -> 0.34049233 | AH63: =G63/($N63+$U63) -> 0.050422648 | AI63: =I63/($N63+$U63) -> 0.96286961 | AJ63: =C63/F63 -> 0.96324903 | AK63: =D63/G63 -> 1.0391292 | AL63: =E63/I63 -> 0.22663286 | AN63: =AJ63/$V63 -> 0.32089144 | AO63: =AK63/$V63 -> 0.34616975 | AP63: =AL63/$V63 -> 0.075499213 | AQ63: =AM63/$V63 -> 0
A64: 2016 | B64: 2 | C64: 109342.91 | D64: 19360.72 | E64: 77354.18 | F64: 113514.67 | G64: 18653 | I64: 332553.6 | K64: =N64-L64 -> 274281 | L64: 29104 | M64: =L64/N64 -> 0.095930913 | N64: 303385 | O64: 296439 | P64: 355417 | Q64: 155 | R64: =O64/Q64 -> 1912.5097 | S64: 29 | T64: =N64/S64 -> 10461.552 | U64: 61335 | V64: ='$'!C51 -> 2.945324 | W64: =SUM(C64:E64)/V64 -> 69960.999 | X64: =C64/$V64 -> 37124.238 | Y64: =D64/$V64 -> 6573.3753 | Z64: =E64/$V64 -> 26263.386 | AA64: =C64/((N64+U64)*V64) -> 0.10178833 | AB64: =D64/((N64+U64)*V64) -> 0.018023073 | AC64: =E64/((N64+U64)*V64) -> 0.072009721 | AD64: =(C64+D64+E64)/((N64+U64)*V64) -> 0.19182112 | AE64: =(C64+D64+E64)/((K64+U64)*V64) -> 0.20845549 | AF64: =(P64/V64)/K64 -> 0.43995615 | AG64: =F64/($N64+$U64) -> 0.31123785 | AH64: =G64/($N64+$U64) -> 0.051143343 | AI64: =I64/($N64+$U64) -> 0.91180522 | AJ64: =C64/F64 -> 0.96324916 | AK64: =D64/G64 -> 1.0379413 | AL64: =E64/I64 -> 0.23260665 | AN64: =AJ64/$V64 -> 0.32704353 | AO64: =AK64/$V64 -> 0.35240311 | AP64: =AL64/$V64 -> 0.078974895 | AQ64: =AM64/$V64 -> 0
A65: 2016 | B65: 3 | C65: 94524.23 | D65: 18302.38 | E65: 64676.19 | F65: 98130.62 | G65: 17623 | I65: 278049.6 | K65: =N65-L65 -> 262734 | L65: 22525 | M65: =L65/N65 -> 0.078963328 | N65: 285259 | O65: 297211 | P65: 365245 | Q65: 155 | R65: =O65/Q65 -> 1917.4903 | S65: 28 | T65: =N65/S65 -> 10187.821 | U65: 38044 | V65: ='$'!C52 -> 2.882802 | W65: =SUM(C65:E65)/V65 -> 61573.011 | X65: =C65/$V65 -> 32789.012 | Y65: =D65/$V65 -> 6348.8162 | Z65: =E65/$V65 -> 22435.183 | AA65: =C65/((N65+U65)*V65) -> 0.10141883 | AB65: =D65/((N65+U65)*V65) -> 0.019637356 | AC65: =E65/((N65+U65)*V65) -> 0.069393674 | AD65: =(C65+D65+E65)/((N65+U65)*V65) -> 0.19044986 | AE65: =(C65+D65+E65)/((K65+U65)*V65) -> 0.20471248 | AF65: =(P65/V65)/K65 -> 0.48222885 | AG65: =F65/($N65+$U65) -> 0.30352524 | AH65: =G65/($N65+$U65) -> 0.054509237 | AI65: =I65/($N65+$U65) -> 0.8600279 | AJ65: =C65/F65 -> 0.96324909 | AK65: =D65/G65 -> 1.0385508 | AL65: =E65/I65 -> 0.23260666 | AN65: =AJ65/$V65 -> 0.3341364 | AO65: =AK65/$V65 -> 0.3602574 | AP65: =AL65/$V65 -> 0.080687701 | AQ65: =AM65/$V65 -> 0
A66: 2016 | B66: 4 | C66: 89301.64 | D66: 18300.32 | E66: 63833.78 | F66: 92708.78 | G66: 17623 | I66: 274428 | K66: =N66-L66 -> 276545 | L66: 12899 | M66: =L66/N66 -> 0.044564752 | N66: 289444 | O66: 290998 | P66: 364717 | Q66: 153 | R66: =O66/Q66 -> 1901.9477 | S66: 29 | T66: =N66/S66 -> 9980.8276 | U66: 25613 | V66: ='$'!C53 -> 2.834917 | W66: =SUM(C66:E66)/V66 -> 60472.931 | X66: =C66/$V66 -> 31500.619 | Y66: =D66/$V66 -> 6455.3283 | Z66: =E66/$V66 -> 22516.984 | AA66: =C66/((N66+U66)*V66) -> 0.099983872 | AB66: =D66/((N66+U66)*V66) -> 0.020489398 | AC66: =E66/((N66+U66)*V66) -> 0.071469555 | AD66: =(C66+D66+E66)/((N66+U66)*V66) -> 0.19194283 | AE66: =(C66+D66+E66)/((K66+U66)*V66) -> 0.20013679 | AF66: =(P66/V66)/K66 -> 0.46521086 | AG66: =F66/($N66+$U66) -> 0.29426034 | AH66: =G66/($N66+$U66) -> 0.05593591 | AI66: =I66/($N66+$U66) -> 0.87104238 | AJ66: =C66/F66 -> 0.963249 | AK66: =D66/G66 -> 1.0384339 | AL66: =E66/I66 -> 0.23260666 | AN66: =AJ66/$V66 -> 0.33978032 | AO66: =AK66/$V66 -> 0.36630133 | AP66: =AL66/$V66 -> 0.082050606 | AQ66: =AM66/$V66 -> 0
A67: 2016 | B67: 5 | C67: 108826.9 | D67: 21868.89 | E67: 72871.78 | F67: =112043.26+937.72 -> 112980.98 | G67: 21094 | I67: 311576.4 | K67: =N67-L67 -> 260545 | L67: 31864 | M67: =L67/N67 -> 0.10897065 | N67: 292409 | O67: 305174 | P67: 384413 | Q67: 143 | R67: =O67/Q67 -> 2134.0839 | S67: 29 | T67: =N67/S67 -> 10083.069 | U67: 43700 | V67: ='$'!C54 -> 2.940724 | W67: =SUM(C67:E67)/V67 -> 69223.623 | X67: =C67/$V67 -> 37006.839 | Y67: =D67/$V67 -> 7436.5666 | Z67: =E67/$V67 -> 24780.217 | AA67: =C67/((N67+U67)*V67) -> 0.11010368 | AB67: =D67/((N67+U67)*V67) -> 0.022125461 | AC67: =E67/((N67+U67)*V67) -> 0.07372673 | AD67: =(C67+D67+E67)/((N67+U67)*V67) -> 0.20595587 | AE67: =(C67+D67+E67)/((K67+U67)*V67) -> 0.22752592 | AF67: =(P67/V67)/K67 -> 0.50171959 | AG67: =F67/($N67+$U67) -> 0.33614387 | AH67: =G67/($N67+$U67) -> 0.062759402 | AI67: =I67/($N67+$U67) -> 0.92700999 | AJ67: =C67/F67 -> 0.96323204 | AK67: =D67/G67 -> 1.0367351 | AL67: =E67/I67 -> 0.23388094 | AN67: =AJ67/$V67 -> 0.32754928 | AO67: =AK67/$V67 -> 0.35254417 | AP67: =AL67/$V67 -> 0.079531753 | AQ67: =AM67/$V67 -> 0
A68: 2016 | B68: 6 | C68: 102401.03 | D68: 21129.13 | E68: 73492.85 | F68: =105279.33+1028.62 -> 106307.95 | G68: 20311 | I68: 322840.8 | K68: =N68-L68 -> 265719 | L68: 23928 | M68: =L68/N68 -> 0.082610902 | N68: 289647 | O68: 338147 | P68: 367434 | Q68: 145 | R68: =O68/Q68 -> 2332.0483 | S68: 28 | T68: =N68/S68 -> 10344.536 | U68: 31479 | V68: ='$'!C55 -> 2.914586 | W68: =SUM(C68:E68)/V68 -> 67598.969 | X68: =C68/$V68 -> 35133.988 | Y68: =D68/$V68 -> 7249.4447 | Z68: =E68/$V68 -> 25215.537 | AA68: =C68/((N68+U68)*V68) -> 0.10940873 | AB68: =D68/((N68+U68)*V68) -> 0.022575079 | AC68: =E68/((N68+U68)*V68) -> 0.078522252 | AD68: =(C68+D68+E68)/((N68+U68)*V68) -> 0.21050606 | AE68: =(C68+D68+E68)/((K68+U68)*V68) -> 0.22745432 | AF68: =(P68/V68)/K68 -> 0.47443843 | AG68: =F68/($N68+$U68) -> 0.33104747 | AH68: =G68/($N68+$U68) -> 0.063249316 | AI68: =I68/($N68+$U68) -> 1.00534 | AJ68: =C68/F68 -> 0.96324903 | AK68: =D68/G68 -> 1.0402801 | AL68: =E68/I68 -> 0.22764424 | AN68: =AJ68/$V68 -> 0.33049258 | AO68: =AK68/$V68 -> 0.3569221 | AP68: =AL68/$V68 -> 0.078105173 | AQ68: =AM68/$V68 -> 0
A69: 2016 | B69: 7 | C69: 76801.57 | D69: 16483.84 | E69: 51941.15 | F69: =79046.97+684.92 -> 79731.89 | G69: 15795 | I69: 228168 | K69: =N69-L69 -> 189805 | L69: 16928 | M69: =L69/N69 -> 0.081883395 | N69: 206733 | O69: 262470 | P69: 379688 | Q69: 144 | R69: =O69/Q69 -> 1822.7083 | S69: 25 | T69: =N69/S69 -> 8269.32 | U69: 20956 | V69: ='$'!C56 -> 2.969792 | W69: =SUM(C69:E69)/V69 -> 48901.256 | X69: =C69/$V69 -> 25860.926 | Y69: =D69/$V69 -> 5550.5032 | Z69: =E69/$V69 -> 17489.828 | AA69: =C69/((N69+U69)*V69) -> 0.11358004 | AB69: =D69/((N69+U69)*V69) -> 0.024377564 | AC69: =E69/((N69+U69)*V69) -> 0.076814548 | AD69: =(C69+D69+E69)/((N69+U69)*V69) -> 0.21477215 | AE69: =(C69+D69+E69)/((K69+U69)*V69) -> 0.23202232 | AF69: =(P69/V69)/K69 -> 0.67358621 | AG69: =F69/($N69+$U69) -> 0.35017893 | AH69: =G69/($N69+$U69) -> 0.06937094 | AI69: =I69/($N69+$U69) -> 1.0021037 | AJ69: =C69/F69 -> 0.96324783 | AK69: =D69/G69 -> 1.0436113 | AL69: =E69/I69 -> 0.22764432 | AN69: =AJ69/$V69 -> 0.32434858 | AO69: =AK69/$V69 -> 0.35140888 | AP69: =AL69/$V69 -> 0.076653289 | AQ69: =AM69/$V69 -> 0
A70: 2016 | B70: 8 | C70: 91223.14 | D70: 17510.12 | E70: 57491.74 | F70: =93888.07+815.51 -> 94703.58 | G70: 16397 | I70: 252550.8 | K70: =N70-L70 -> 245177 | L70: 26722 | M70: =L70/N70 -> 0.09827914 | N70: 271899 | O70: 312575 | P70: 389604 | Q70: 146 | R70: =O70/Q70 -> 2140.9247 | S70: 27 | T70: =N70/S70 -> 10070.333 | U70: 21540 | V70: ='$'!C57 -> 2.960826 | W70: =SUM(C70:E70)/V70 -> 56141.428 | X70: =C70/$V70 -> 30810.031 | Y70: =D70/$V70 -> 5913.9308 | Z70: =E70/$V70 -> 19417.467 | AA70: =C70/((N70+U70)*V70) -> 0.10499637 | AB70: =D70/((N70+U70)*V70) -> 0.020153868 | AC70: =E70/((N70+U70)*V70) -> 0.066172072 | AD70: =(C70+D70+E70)/((N70+U70)*V70) -> 0.19132231 | AE70: =(C70+D70+E70)/((K70+U70)*V70) -> 0.21049063 | AF70: =(P70/V70)/K70 -> 0.53669901 | AG70: =F70/($N70+$U70) -> 0.32273686 | AH70: =G70/($N70+$U70) -> 0.055878735 | AI70: =I70/($N70+$U70) -> 0.8606586 | AJ70: =C70/F70 -> 0.96324912 | AK70: =D70/G70 -> 1.0678856 | AL70: =E70/I70 -> 0.22764426 | AN70: =AJ70/$V70 -> 0.32533121 | AO70: =AK70/$V70 -> 0.36067151 | AP70: =AL70/$V70 -> 0.076885389 | AQ70: =AM70/$V70 -> 0
A71: 2016 | B71: 9 | C71: 78901.09 | D71: 15951.26 | E71: 49067.09 | F71: =80857.87+1053.53 -> 81911.4 | G71: 15021 | I71: 215542.8 | K71: =N71-L71 -> 207890 | L71: 17860 | M71: =L71/N71 -> 0.079114064 | N71: 225750 | O71: 219093 | P71: 351898 | Q71: 148 | R71: =O71/Q71 -> 1480.3581 | S71: 20 | T71: =N71/S71 -> 11287.5 | U71: 29250 | V71: ='$'!C58 -> 2.968482 | W71: =SUM(C71:E71)/V71 -> 48482.504 | X71: =C71/$V71 -> 26579.609 | Y71: =D71/$V71 -> 5373.5411 | Z71: =E71/$V71 -> 16529.354 | AA71: =C71/((N71+U71)*V71) -> 0.10423376 | AB71: =D71/((N71+U71)*V71) -> 0.02107271 | AC71: =E71/((N71+U71)*V71) -> 0.064820996 | AD71: =(C71+D71+E71)/((N71+U71)*V71) -> 0.19012747 | AE71: =(C71+D71+E71)/((K71+U71)*V71) -> 0.20444676 | AF71: =(P71/V71)/K71 -> 0.57022832 | AG71: =F71/($N71+$U71) -> 0.32122118 | AH71: =G71/($N71+$U71) -> 0.058905882 | AI71: =I71/($N71+$U71) -> 0.84526588 | AJ71: =C71/F71 -> 0.96324919 | AK71: =D71/G71 -> 1.0619306 | AL71: =E71/I71 -> 0.2276443 | AN71: =AJ71/$V71 -> 0.32449218 | AO71: =AK71/$V71 -> 0.35773524 | AP71: =AL71/$V71 -> 0.076687108 | AQ71: =AM71/$V71 -> 0
A72: 2016 | B72: 10 | C72: 115896.16 | D72: 24771.16 | E72: 62980.06 | F72: =130970.66+1134.66 -> 132105.32 | G72: 21436 | I72: 276660 | K72: =N72-L72 -> 264207 | L72: 29683 | M72: =L72/N72 -> 0.10100037 | N72: 293890 | O72: 289554 | P72: 371926 | Q72: 147 | R72: =O72/Q72 -> 1969.7551 | S72: 27 | T72: =N72/S72 -> 10884.815 | U72: 47500 | V72: ='$'!C59 -> 3.073362 | W72: =SUM(C72:E72)/V72 -> 66262.087 | X72: =C72/$V72 -> 37709.896 | Y72: =D72/$V72 -> 8059.9552 | Z72: =E72/$V72 -> 20492.236 | AA72: =C72/((N72+U72)*V72) -> 0.11045987 | AB72: =D72/((N72+U72)*V72) -> 0.02360923 | AC72: =E72/((N72+U72)*V72) -> 0.060025883 | AD72: =(C72+D72+E72)/((N72+U72)*V72) -> 0.19409498 | AE72: =(C72+D72+E72)/((K72+U72)*V72) -> 0.21257812 | AF72: =(P72/V72)/K72 -> 0.45803483 | AG72: =F72/($N72+$U72) -> 0.38696306 | AH72: =G72/($N72+$U72) -> 0.062790357 | AI72: =I72/($N72+$U72) -> 0.81039281 | AJ72: =C72/F72 -> 0.87730123 | AK72: =D72/G72 -> 1.1555869 | AL72: =E72/I72 -> 0.22764426 | AN72: =AJ72/$V72 -> 0.28545327 | AO72: =AK72/$V72 -> 0.3760009 | AP72: =AL72/$V72 -> 0.074070108 | AQ72: =AM72/$V72 -> 0
A73: 2016 | B73: 11 | C73: 119474.25 | D73: 23507.51 | E73: 65169 | F73: =134739.69+1556.05 -> 136295.74 | G73: 20625 | I73: 286275 | K73: =N73-L73 -> 253280 | L73: 30287 | M73: =L73/N73 -> 0.10680721 | N73: 283567 | O73: 343207 | P73: 394954 | Q73: 146 | R73: =O73/Q73 -> 2350.7329 | S73: 28 | T73: =N73/S73 -> 10127.393 | U73: 38486 | V73: ='$'!C60 -> 3.299438 | W73: =SUM(C73:E73)/V73 -> 63086.732 | X73: =C73/$V73 -> 36210.485 | Y73: =D73/$V73 -> 7124.7012 | Z73: =E73/$V73 -> 19751.546 | AA73: =C73/((N73+U73)*V73) -> 0.11243642 | AB73: =D73/((N73+U73)*V73) -> 0.02212276 | AC73: =E73/((N73+U73)*V73) -> 0.061330109 | AD73: =(C73+D73+E73)/((N73+U73)*V73) -> 0.19588928 | AE73: =(C73+D73+E73)/((K73+U73)*V73) -> 0.21622373 | AF73: =(P73/V73)/K73 -> 0.47261298 | AG73: =F73/($N73+$U73) -> 0.42320904 | AH73: =G73/($N73+$U73) -> 0.064042254 | AI73: =I73/($N73+$U73) -> 0.88890648 | AJ73: =C73/F73 -> 0.87658096 | AK73: =D73/G73 -> 1.1397581 | AL73: =E73/I73 -> 0.22764475 | AN73: =AJ73/$V73 -> 0.26567584 | AO73: =AK73/$V73 -> 0.34544006 | AP73: =AL73/$V73 -> 0.068995007 | AQ73: =AM73/$V73 -> 0
A74: 2016 | B74: 12 | C74: 121289.34 | D74: 17793 | E74: 76691.48 | F74: 125916.92 | G74: 18840 | I74: 342966.6 | K74: =N74-L74 -> 289748 | L74: 29564 | M74: =L74/N74 -> 0.092586561 | N74: 319312 | O74: 322344 | P74: 389176 | Q74: 144 | R74: =O74/Q74 -> 2238.5 | S74: 28 | T74: =N74/S74 -> 11404 | U74: 33767 | V74: ='$'!C61 -> 3.502333 | W74: =SUM(C74:E74)/V74 -> 61608.596 | X74: =C74/$V74 -> 34631.013 | Y74: =D74/$V74 -> 5080.3279 | Z74: =E74/$V74 -> 21897.255 | AA74: =C74/((N74+U74)*V74) -> 0.098082902 | AB74: =D74/((N74+U74)*V74) -> 0.014388644 | AC74: =E74/((N74+U74)*V74) -> 0.062018005 | AD74: =(C74+D74+E74)/((N74+U74)*V74) -> 0.17448955 | AE74: =(C74+D74+E74)/((K74+U74)*V74) -> 0.19043505 | AF74: =(P74/V74)/K74 -> 0.38350247 | AG74: =F74/($N74+$U74) -> 0.35662534 | AH74: =G74/($N74+$U74) -> 0.053359163 | AI74: =I74/($N74+$U74) -> 0.97135938 | AJ74: =C74/F74 -> 0.96324894 | AK74: =D74/G74 -> 0.94442675 | AL74: =E74/I74 -> 0.2236121 | AN74: =AJ74/$V74 -> 0.27503066 | AO74: =AK74/$V74 -> 0.26965647 | AP74: =AL74/$V74 -> 0.063846612 | AQ74: =AM74/$V74 -> 0
A75: 2017 | B75: 1 | C75: 95971.14 | D75: 19262.54 | E75: 62086.82 | F75: =108655.68+827.8 -> 109483.48 | G75: 15041 | I75: 270381.6 | K75: =N75-L75 -> 245715 | L75: 27061 | M75: =L75/N75 -> 0.099205942 | N75: 272776 | O75: 271051 | P75: 396365 | Q75: 142 | R75: =O75/Q75 -> 1908.8099 | S75: 26 | T75: =N75/S75 -> 10491.385 | U75: 27362 | V75: ='$'!C62 -> 3.812 | W75: =SUM(C75:E75)/V75 -> 46516.396 | X75: =C75/$V75 -> 25176.06 | Y75: =D75/$V75 -> 5053.1322 | Z75: =E75/$V75 -> 16287.204 | AA75: =C75/((N75+U75)*V75) -> 0.083881614 | AB75: =D75/((N75+U75)*V75) -> 0.016836029 | AC75: =E75/((N75+U75)*V75) -> 0.054265716 | AD75: =(C75+D75+E75)/((N75+U75)*V75) -> 0.15498336 | AE75: =(C75+D75+E75)/((K75+U75)*V75) -> 0.17034168 | AF75: =(P75/V75)/K75 -> 0.42316597 | AG75: =F75/($N75+$U75) -> 0.36477714 | AH75: =G75/($N75+$U75) -> 0.050113614 | AI75: =I75/($N75+$U75) -> 0.90085761 | AJ75: =C75/F75 -> 0.87658101 | AK75: =D75/G75 -> 1.2806688 | AL75: =E75/I75 -> 0.22962665 | AN75: =AJ75/$V75 -> 0.22995305 | AO75: =AK75/$V75 -> 0.3359572 | AP75: =AL75/$V75 -> 0.06023784 | AQ75: =AM75/$V75 -> 0
A76: 2017 | B76: 2 | C76: 97200.88 | D76: 23602.49 | E76: 62776.46 | F76: =110108.48+777.86 -> 110886.34 | G76: 18594 | I76: 269339.4 | K76: =N76-L76 -> 232533 | L76: 21080 | M76: =L76/N76 -> 0.083118768 | N76: 253613 | O76: 247864 | P76: 388651 | Q76: 142 | R76: =O76/Q76 -> 1745.5211 | S76: 25 | T76: =N76/S76 -> 10144.52 | U76: 51125 | V76: ='$'!C63 -> 3.666612 | W76: =SUM(C76:E76)/V76 -> 50067.973 | X76: =C76/$V76 -> 26509.726 | Y76: =D76/$V76 -> 6437.1387 | Z76: =E76/$V76 -> 17121.108 | AA76: =C76/((N76+U76)*V76) -> 0.086991862 | AB76: =D76/((N76+U76)*V76) -> 0.021123518 | AC76: =E76/((N76+U76)*V76) -> 0.056183042 | AD76: =(C76+D76+E76)/((N76+U76)*V76) -> 0.16429842 | AE76: =(C76+D76+E76)/((K76+U76)*V76) -> 0.17650823 | AF76: =(P76/V76)/K76 -> 0.4558377 | AG76: =F76/($N76+$U76) -> 0.36387434 | AH76: =G76/($N76+$U76) -> 0.061016348 | AI76: =I76/($N76+$U76) -> 0.88383923 | AJ76: =C76/F76 -> 0.87658119 | AK76: =D76/G76 -> 1.2693605 | AL76: =E76/I76 -> 0.23307567 | AN76: =AJ76/$V76 -> 0.23907116 | AO76: =AK76/$V76 -> 0.3461944 | AP76: =AL76/$V76 -> 0.063567038 | AQ76: =AM76/$V76 -> 0
A77: 2017 | B77: 3 | C77: 101658.69 | D77: 29625.67 | E77: 74553.28 | F77: =114232.98+881.23 -> 115114.21 | G77: 23170 | I77: 319867.2 | K77: =N77-L77 -> 268248 | L77: 18836 | M77: =L77/N77 -> 0.065611459 | N77: 287084 | O77: 315683 | P77: 434978 | Q77: 148 | R77: =O77/Q77 -> 2132.9932 | S77: 28 | T77: =N77/S77 -> 10253 | U77: 70687 | V77: ='$'!C64 -> 3.599536 | W77: =SUM(C77:E77)/V77 -> 57184.493 | X77: =C77/$V77 -> 28242.165 | Y77: =D77/$V77 -> 8230.4136 | Z77: =E77/$V77 -> 20711.914 | AA77: =C77/((N77+U77)*V77) -> 0.078939224 | AB77: =D77/((N77+U77)*V77) -> 0.023004697 | AC77: =E77/((N77+U77)*V77) -> 0.05789154 | AD77: =(C77+D77+E77)/((N77+U77)*V77) -> 0.15983546 | AE77: =(C77+D77+E77)/((K77+U77)*V77) -> 0.16871817 | AF77: =(P77/V77)/K77 -> 0.45048909 | AG77: =F77/($N77+$U77) -> 0.32175389 | AH77: =G77/($N77+$U77) -> 0.064762096 | AI77: =I77/($N77+$U77) -> 0.89405569 | AJ77: =C77/F77 -> 0.88311156 | AK77: =D77/G77 -> 1.2786219 | AL77: =E77/I77 -> 0.23307573 | AN77: =AJ77/$V77 -> 0.24534039 | AO77: =AK77/$V77 -> 0.35521854 | AP77: =AL77/$V77 -> 0.064751603 | AQ77: =AM77/$V77 -> 0
A78: 2017 | B78: 4 | C78: 81714.22 | D78: 21456.76 | E78: 65009.67 | F78: =92032.98+483.03 -> 92516.01 | G78: 16930 | I78: 278920.8 | K78: =N78-L78 -> 238937 | L78: 14240 | M78: =L78/N78 -> 0.056245236 | N78: 253177 | O78: 258236 | P78: 416998 | Q78: 148 | R78: =O78/Q78 -> 1744.8378 | S78: 26 | T78: =N78/S78 -> 9737.5769 | U78: 27644 | V78: ='$'!C65 -> 3.653912 | W78: =SUM(C78:E78)/V78 -> 46027.559 | X78: =C78/$V78 -> 22363.489 | Y78: =D78/$V78 -> 5872.2706 | Z78: =E78/$V78 -> 17791.8 | AA78: =C78/((N78+U78)*V78) -> 0.079636098 | AB78: =D78/((N78+U78)*V78) -> 0.020911081 | AC78: =E78/((N78+U78)*V78) -> 0.063356371 | AD78: =(C78+D78+E78)/((N78+U78)*V78) -> 0.16390355 | AE78: =(C78+D78+E78)/((K78+U78)*V78) -> 0.17265881 | AF78: =(P78/V78)/K78 -> 0.47763097 | AG78: =F78/($N78+$U78) -> 0.32944833 | AH78: =G78/($N78+$U78) -> 0.060287514 | AI78: =I78/($N78+$U78) -> 0.99323341 | AJ78: =C78/F78 -> 0.8832441 | AK78: =D78/G78 -> 1.267381 | AL78: =E78/I78 -> 0.23307573 | AN78: =AJ78/$V78 -> 0.24172561 | AO78: =AK78/$V78 -> 0.34685591 | AP78: =AL78/$V78 -> 0.063787999 | AQ78: =AM78/$V78 -> 0
A79: 2017 | B79: 5 | C79: 92062.8 | D79: 25356.63 | E79: 71681.14 | F79: =102203.72+1027.89 -> 103231.61 | G79: 20144 | I79: 307544.4 | K79: =N79-L79 -> 286250 | L79: 19166 | M79: =L79/N79 -> 0.062753752 | N79: 305416 | O79: 332338 | P79: 442652 | Q79: 148 | R79: =O79/Q79 -> 2245.527 | S79: 27 | T79: =N79/S79 -> 11311.704 | U79: 45828 | V79: ='$'!C66 -> 3.568617 | W79: =SUM(C79:E79)/V79 -> 52989.875 | X79: =C79/$V79 -> 25797.893 | Y79: =D79/$V79 -> 7105.4501 | Z79: =E79/$V79 -> 20086.532 | AA79: =C79/((N79+U79)*V79) -> 0.073447214 | AB79: =D79/((N79+U79)*V79) -> 0.020229385 | AC79: =E79/((N79+U79)*V79) -> 0.057186833 | AD79: =(C79+D79+E79)/((N79+U79)*V79) -> 0.15086343 | AE79: =(C79+D79+E79)/((K79+U79)*V79) -> 0.15957057 | AF79: =(P79/V79)/K79 -> 0.43332824 | AG79: =F79/($N79+$U79) -> 0.29390284 | AH79: =G79/($N79+$U79) -> 0.057350446 | AI79: =I79/($N79+$U79) -> 0.8755862 | AJ79: =C79/F79 -> 0.89180824 | AK79: =D79/G79 -> 1.2587684 | AL79: =E79/I79 -> 0.23307574 | AN79: =AJ79/$V79 -> 0.24990304 | AO79: =AK79/$V79 -> 0.35273283 | AP79: =AL79/$V79 -> 0.065312625 | AQ79: =AM79/$V79 -> 0
A80: 2017 | B80: 6 | C80: 79419.25 | D80: 25029.03 | E80: 68425.65 | F80: =SUM(88440.07,1451.28) -> 89891.35 | G80: 19247 | I80: 272768.4 | K80: =N80-L80 -> 241286 | L80: 18325 | M80: =L80/N80 -> 0.070586377 | N80: 259611 | O80: 272134 | P80: 421359 | Q80: 150 | R80: =O80/Q80 -> 1814.2267 | S80: 23 | T80: =N80/S80 -> 11287.435 | U80: 30506 | V80: ='$'!C67 -> 3.519175 | W80: =SUM(C80:E80)/V80 -> 49123.425 | X80: =C80/$V80 -> 22567.576 | Y80: =D80/$V80 -> 7112.1868 | Z80: =E80/$V80 -> 19443.662 | AA80: =C80/((N80+U80)*V80) -> 0.077787845 | AB80: =D80/((N80+U80)*V80) -> 0.024514892 | AC80: =E80/((N80+U80)*V80) -> 0.067020072 | AD80: =(C80+D80+E80)/((N80+U80)*V80) -> 0.16932281 | AE80: =(C80+D80+E80)/((K80+U80)*V80) -> 0.18073904 | AF80: =(P80/V80)/K80 -> 0.49622574 | AG80: =F80/($N80+$U80) -> 0.30984517 | AH80: =G80/($N80+$U80) -> 0.0663422 | AI80: =I80/($N80+$U80) -> 0.94020137 | AJ80: =C80/F80 -> 0.8835027 | AK80: =D80/G80 -> 1.300412 | AL80: =E80/I80 -> 0.25085622 | AN80: =AJ80/$V80 -> 0.25105392 | AO80: =AK80/$V80 -> 0.36952184 | AP80: =AL80/$V80 -> 0.071282679 | AQ80: =AM80/$V80 -> 0
A81: 2017 | B81: 7 | C81: 75046.87 | D81: 24882.34 | E81: 69128.9 | F81: =84133.31+819 -> 84952.31 | G81: 19713 | I81: 280506.6 | K81: =N81-L81 -> 261891 | L81: 16465 | M81: =L81/N81 -> 0.059150872 | N81: 278356 | O81: 319124 | P81: 465832 | Q81: 157 | R81: =O81/Q81 -> 2032.6369 | S81: 26 | T81: =N81/S81 -> 10706 | U81: 15250 | V81: ='$'!C68 -> 3.556397 | W81: =SUM(C81:E81)/V81 -> 47536.344 | X81: =C81/$V81 -> 21101.938 | Y81: =D81/$V81 -> 6996.5024 | Z81: =E81/$V81 -> 19437.903 | AA81: =C81/((N81+U81)*V81) -> 0.071871618 | AB81: =D81/((N81+U81)*V81) -> 0.023829562 | AC81: =E81/((N81+U81)*V81) -> 0.066204039 | AD81: =(C81+D81+E81)/((N81+U81)*V81) -> 0.16190522 | AE81: =(C81+D81+E81)/((K81+U81)*V81) -> 0.17152404 | AF81: =(P81/V81)/K81 -> 0.50014797 | AG81: =F81/($N81+$U81) -> 0.28934119 | AH81: =G81/($N81+$U81) -> 0.067140998 | AI81: =I81/($N81+$U81) -> 0.95538443 | AJ81: =C81/F81 -> 0.88339999 | AK81: =D81/G81 -> 1.26223 | AL81: =E81/I81 -> 0.24644304 | AN81: =AJ81/$V81 -> 0.24839746 | AO81: =AK81/$V81 -> 0.35491819 | AP81: =AL81/$V81 -> 0.069295706 | AQ81: =AM81/$V81 -> 0
A82: 2017 | B82: 8 | C82: 72939.38 | D82: 25328.06 | E82: 67398.53 | F82: 82566.19 | G82: 20150 | I82: 268396.2 | K82: =N82-L82 -> 240506 | L82: 9704 | M82: =L82/N82 -> 0.038783422 | N82: 250210 | O82: 291185 | P82: 462728 | Q82: 156 | R82: =O82/Q82 -> 1866.5705 | S82: 26 | T82: =N82/S82 -> 9623.4615 | U82: 38406 | V82: ='$'!C69 -> 3.50946 | W82: =SUM(C82:E82)/V82 -> 47205.544 | X82: =C82/$V82 -> 20783.648 | Y82: =D82/$V82 -> 7217.0818 | Z82: =E82/$V82 -> 19204.815 | AA82: =C82/((N82+U82)*V82) -> 0.072011419 | AB82: =D82/((N82+U82)*V82) -> 0.025005827 | AC82: =E82/((N82+U82)*V82) -> 0.066541061 | AD82: =(C82+D82+E82)/((N82+U82)*V82) -> 0.16355831 | AE82: =(C82+D82+E82)/((K82+U82)*V82) -> 0.16924888 | AF82: =(P82/V82)/K82 -> 0.54822592 | AG82: =F82/($N82+$U82) -> 0.28607627 | AH82: =G82/($N82+$U82) -> 0.069815949 | AI82: =I82/($N82+$U82) -> 0.92994221 | AJ82: =C82/F82 -> 0.88340494 | AK82: =D82/G82 -> 1.2569757 | AL82: =E82/I82 -> 0.25111581 | AN82: =AJ82/$V82 -> 0.25172104 | AO82: =AK82/$V82 -> 0.35816783 | AP82: =AL82/$V82 -> 0.071553975 | AQ82: =AM82/$V82 -> 0
A83: 2017 | B83: 9 | C83: 79237.29 | D83: 26578.67 | E83: 64246.21 | F83: =89424.11+266.19 -> 89690.3 | G83: 21230 | I83: 255843 | K83: =N83-L83 -> 243451 | L83: 12666 | M83: =L83/N83 -> 0.04945396 | N83: 256117 | O83: 237584 | P83: 437322 | Q83: 161 | R83: =O83/Q83 -> 1475.677 | S83: 24 | T83: =N83/S83 -> 10671.542 | U83: 48795 | V83: ='$'!C70 -> 3.467228 | W83: =SUM(C83:E83)/V83 -> 49048.453 | X83: =C83/$V83 -> 22853.21 | Y83: =D83/$V83 -> 7665.6828 | Z83: =E83/$V83 -> 18529.56 | AA83: =C83/((N83+U83)*V83) -> 0.074950183 | AB83: =D83/((N83+U83)*V83) -> 0.02514064 | AC83: =E83/((N83+U83)*V83) -> 0.06077019 | AD83: =(C83+D83+E83)/((N83+U83)*V83) -> 0.16086101 | AE83: =(C83+D83+E83)/((K83+U83)*V83) -> 0.16783276 | AF83: =(P83/V83)/K83 -> 0.51809257 | AG83: =F83/($N83+$U83) -> 0.29415143 | AH83: =G83/($N83+$U83) -> 0.069626646 | AI83: =I83/($N83+$U83) -> 0.8390716 | AJ83: =C83/F83 -> 0.8834544 | AK83: =D83/G83 -> 1.2519392 | AL83: =E83/I83 -> 0.25111576 | AN83: =AJ83/$V83 -> 0.25480136 | AO83: =AK83/$V83 -> 0.36107785 | AP83: =AL83/$V83 -> 0.072425512 | AQ83: =AM83/$V83 -> 0
A84: 2017 | B84: 10 | C84: 104604.05 | D84: 32195.71 | E84: 73370.46 | F84: =116293.62+2102.03 -> 118395.65 | G84: 24886 | I84: 292177.8 | K84: =N84-L84 -> 319163 | L84: 14858 | M84: =L84/N84 -> 0.044482233 | N84: 334021 | O84: 331883 | P84: 459601 | Q84: 157 | R84: =O84/Q84 -> 2113.9045 | S84: 27 | T84: =N84/S84 -> 12371.148 | U84: 42521 | V84: ='$'!C71 -> 3.672914 | W84: =SUM(C84:E84)/V84 -> 57221.656 | X84: =C84/$V84 -> 28479.853 | Y84: =D84/$V84 -> 8765.713 | Z84: =E84/$V84 -> 19976.09 | AA84: =C84/((N84+U84)*V84) -> 0.075635262 | AB84: =D84/((N84+U84)*V84) -> 0.023279509 | AC84: =E84/((N84+U84)*V84) -> 0.053051425 | AD84: =(C84+D84+E84)/((N84+U84)*V84) -> 0.1519662 | AE84: =(C84+D84+E84)/((K84+U84)*V84) -> 0.15820898 | AF84: =(P84/V84)/K84 -> 0.39206463 | AG84: =F84/($N84+$U84) -> 0.3144288 | AH84: =G84/($N84+$U84) -> 0.066090901 | AI84: =I84/($N84+$U84) -> 0.77595009 | AJ84: =C84/F84 -> 0.88351261 | AK84: =D84/G84 -> 1.2937278 | AL84: =E84/I84 -> 0.25111579 | AN84: =AJ84/$V84 -> 0.24054813 | AO84: =AK84/$V84 -> 0.35223471 | AP84: =AL84/$V84 -> 0.068369636 | AQ84: =AM84/$V84 -> 0
A85: 2017 | B85: 11 | C85: 117879.41 | D85: 30983.46 | E85: 80771.81 | F85: =131251.7+1670.03 -> 132921.73 | G85: 24706 | I85: 321651.72 | K85: =N85-L85 -> 331459 | L85: 26541 | M85: =L85/N85 -> 0.074136872 | N85: 358000 | O85: 343926 | P85: 469429 | Q85: 157 | R85: =O85/Q85 -> 2190.6115 | S85: 29 | T85: =N85/S85 -> 12344.828 | U85: 38357 | V85: ='$'!C72 -> 3.889185 | W85: =SUM(C85:E85)/V85 -> 59044.422 | X85: =C85/$V85 -> 30309.54 | Y85: =D85/$V85 -> 7966.5688 | Z85: =E85/$V85 -> 20768.313 | AA85: =C85/((N85+U85)*V85) -> 0.076470304 | AB85: =D85/((N85+U85)*V85) -> 0.020099478 | AC85: =E85/((N85+U85)*V85) -> 0.052397996 | AD85: =(C85+D85+E85)/((N85+U85)*V85) -> 0.14896778 | AE85: =(C85+D85+E85)/((K85+U85)*V85) -> 0.15965892 | AF85: =(P85/V85)/K85 -> 0.36415099 | AG85: =F85/($N85+$U85) -> 0.3353586 | AH85: =G85/($N85+$U85) -> 0.062332695 | AI85: =I85/($N85+$U85) -> 0.81152022 | AJ85: =C85/F85 -> 0.88683325 | AK85: =D85/G85 -> 1.2540865 | AL85: =E85/I85 -> 0.25111574 | AN85: =AJ85/$V85 -> 0.22802547 | AO85: =AK85/$V85 -> 0.32245482 | AP85: =AL85/$V85 -> 0.064567703 | AQ85: =AM85/$V85 -> 0
A86: 2017 | B86: 12 | C86: 120481.5 | D86: 27382.71 | E86: 85057.49 | F86: =132795.09+1737.59 -> 134532.68 | G86: 21795 | I86: 338718.24 | K86: =N86-L86 -> 331501 | L86: 24011 | M86: =L86/N86 -> 0.067539211 | N86: 355512 | O86: 344613 | P86: 481160 | Q86: 157 | R86: =O86/Q86 -> 2194.9873 | S86: 29 | T86: =N86/S86 -> 12259.034 | U86: 34417 | V86: ='$'!C73 -> 3.843316 | W86: =SUM(C86:E86)/V86 -> 60604.358 | X86: =C86/$V86 -> 31348.32 | Y86: =D86/$V86 -> 7124.7615 | Z86: =E86/$V86 -> 22131.277 | AA86: =C86/((N86+U86)*V86) -> 0.080394944 | AB86: =D86/((N86+U86)*V86) -> 0.018271946 | AC86: =E86/((N86+U86)*V86) -> 0.056757196 | AD86: =(C86+D86+E86)/((N86+U86)*V86) -> 0.15542409 | AE86: =(C86+D86+E86)/((K86+U86)*V86) -> 0.16562279 | AF86: =(P86/V86)/K86 -> 0.3776579 | AG86: =F86/($N86+$U86) -> 0.3450184 | AH86: =G86/($N86+$U86) -> 0.055894791 | AI86: =I86/($N86+$U86) -> 0.86866645 | AJ86: =C86/F86 -> 0.89555564 | AK86: =D86/G86 -> 1.2563758 | AL86: =E86/I86 -> 0.25111577 | AN86: =AJ86/$V86 -> 0.23301639 | AO86: =AK86/$V86 -> 0.3268989 | AP86: =AL86/$V86 -> 0.065338308 | AQ86: =AM86/$V86 -> 0
A87: 2018 | B87: 1 | C87: 143449.17 | D87: 27933.16 | E87: 84121.79 | F87: =140036.17+1840.13 -> 141876.3 | G87: 21426 | I87: 333207 | K87: =N87-L87 -> 297006 | L87: 32729 | M87: =L87/N87 -> 0.099258495 | N87: 329735 | O87: 299582 | P87: 516941 | Q87: 157 | R87: =O87/Q87 -> 1908.1656 | S87: 30 | T87: =N87/S87 -> 10991.167 | U87: 48165 | V87: ='$'!C74 -> 3.772753 | W87: =SUM(C87:E87)/V87 -> 67723.522 | X87: =C87/$V87 -> 38022.412 | Y87: =D87/$V87 -> 7403.9196 | Z87: =E87/$V87 -> 22297.19 | AA87: =C87/((N87+U87)*V87) -> 0.10061501 | AB87: =D87/((N87+U87)*V87) -> 0.019592272 | AC87: =E87/((N87+U87)*V87) -> 0.059002884 | AD87: =(C87+D87+E87)/((N87+U87)*V87) -> 0.17921017 | AE87: =(C87+D87+E87)/((K87+U87)*V87) -> 0.19620281 | AF87: =(P87/V87)/K87 -> 0.46133604 | AG87: =F87/($N87+$U87) -> 0.37543345 | AH87: =G87/($N87+$U87) -> 0.056697539 | AI87: =I87/($N87+$U87) -> 0.88173326 | AJ87: =C87/F87 -> 1.0110862 | AK87: =D87/G87 -> 1.3037039 | AL87: =E87/I87 -> 0.25246105 | AN87: =AJ87/$V87 -> 0.26799693 | AO87: =AK87/$V87 -> 0.34555772 | AP87: =AL87/$V87 -> 0.066916931 | AQ87: =AM87/$V87 -> 0
A88: 2018 | B88: 2 | C88: 120398.7 | D88: 25606.61 | E88: 87643.41 | F88: =117467.05+1424.68 -> 118891.73 | G88: 20357 | I88: 320738.67 | K88: =N88-L88 -> 278901 | L88: 22664 | M88: =L88/N88 -> 0.07515461 | N88: 301565 | O88: 286128 | P88: 499289 | Q88: 165 | R88: =O88/Q88 -> 1734.1091 | S88: 26 | T88: =N88/S88 -> 11598.654 | U88: 40019 | V88: ='$'!C75 -> 3.78455 | W88: =SUM(C88:E88)/V88 -> 61737.517 | X88: =C88/$V88 -> 31813.214 | Y88: =D88/$V88 -> 6766.0911 | Z88: =E88/$V88 -> 23158.212 | AA88: =C88/((N88+U88)*V88) -> 0.093134381 | AB88: =D88/((N88+U88)*V88) -> 0.019807986 | AC88: =E88/((N88+U88)*V88) -> 0.067796535 | AD88: =(C88+D88+E88)/((N88+U88)*V88) -> 0.1807389 | AE88: =(C88+D88+E88)/((K88+U88)*V88) -> 0.19358308 | AF88: =(P88/V88)/K88 -> 0.4730289 | AG88: =F88/($N88+$U88) -> 0.34806001 | AH88: =G88/($N88+$U88) -> 0.059595883 | AI88: =I88/($N88+$U88) -> 0.93897451 | AJ88: =C88/F88 -> 1.0126751 | AK88: =D88/G88 -> 1.2578774 | AL88: =E88/I88 -> 0.27325489 | AN88: =AJ88/$V88 -> 0.26758139 | AO88: =AK88/$V88 -> 0.33237172 | AP88: =AL88/$V88 -> 0.072202743 | AQ88: =AM88/$V88 -> 0
A89: 2018 | B89: 3 | C89: 116860.06 | D89: 26174.55 | E89: 84220.39 | F89: =115105.27+1387.53 -> 116492.8 | G89: 20920 | I89: 308211.75 | K89: =N89-L89 -> 274688 | L89: 26247 | M89: =L89/N89 -> 0.08721817 | N89: 300935 | O89: 287120 | P89: 527458 | Q89: 162 | R89: =O89/Q89 -> 1772.3457 | S89: 29 | T89: =N89/S89 -> 10377.069 | U89: 39660 | V89: ='$'!C76 -> 3.889189 | W89: =SUM(C89:E89)/V89 -> 58432.491 | X89: =C89/$V89 -> 30047.411 | Y89: =D89/$V89 -> 6730.0792 | Z89: =E89/$V89 -> 21655.001 | AA89: =C89/((N89+U89)*V89) -> 0.088220352 | AB89: =D89/((N89+U89)*V89) -> 0.019759771 | AC89: =E89/((N89+U89)*V89) -> 0.063579913 | AD89: =(C89+D89+E89)/((N89+U89)*V89) -> 0.17156004 | AE89: =(C89+D89+E89)/((K89+U89)*V89) -> 0.18588472 | AF89: =(P89/V89)/K89 -> 0.49372958 | AG89: =F89/($N89+$U89) -> 0.34202733 | AH89: =G89/($N89+$U89) -> 0.061421923 | AI89: =I89/($N89+$U89) -> 0.90492153 | AJ89: =C89/F89 -> 1.0031526 | AK89: =D89/G89 -> 1.2511735 | AL89: =E89/I89 -> 0.27325496 | AN89: =AJ89/$V89 -> 0.25793363 | AO89: =AK89/$V89 -> 0.32170551 | AP89: =AL89/$V89 -> 0.07026014 | AQ89: =AM89/$V89 -> 0
A90: 2018 | B90: 4 | C90: 121265.71 | D90: =27664.49 -> 27664.49 | E90: 98504.45 | F90: =109326.37+1360.39 -> 110686.76 | G90: 21428 | I90: 311664.78 | K90: =N90-L90 -> 244805 | L90: 17956 | M90: =L90/N90 -> 0.068335864 | N90: 262761 | O90: 249932 | P90: 513972 | Q90: 160 | R90: =O90/Q90 -> 1562.075 | S90: 28 | T90: =N90/S90 -> 9384.3214 | U90: 32327 | V90: ='$'!C77 -> 4.060187 | W90: =SUM(C90:E90)/V90 -> 60941.688 | X90: =C90/$V90 -> 29867.026 | Y90: =D90/$V90 -> 6813.6 | Z90: =E90/$V90 -> 24261.062 | AA90: =C90/((N90+U90)*V90) -> 0.10121396 | AB90: =D90/((N90+U90)*V90) -> 0.023090061 | AC90: =E90/((N90+U90)*V90) -> 0.082216364 | AD90: =(C90+D90+E90)/((N90+U90)*V90) -> 0.20652039 | AE90: =(C90+D90+E90)/((K90+U90)*V90) -> 0.2199013 | AF90: =(P90/V90)/K90 -> 0.51709834 | AG90: =F90/($N90+$U90) -> 0.37509746 | AH90: =G90/($N90+$U90) -> 0.072615627 | AI90: =I90/($N90+$U90) -> 1.0561757 | AJ90: =C90/F90 -> 1.0955756 | AK90: =D90/G90 -> 1.291044 | AL90: =E90/I90 -> 0.31605897 | AN90: =AJ90/$V90 -> 0.26983377 | AO90: =AK90/$V90 -> 0.31797648 | AP90: =AL90/$V90 -> 0.077843452 | AQ90: =AM90/$V90 -> 0
A91: 2018 | B91: 5 | C91: 129149.27 | D91: 28599.97 | E91: 107000.12 | F91: =117785.02-37.86 -> 117747.16 | G91: 22763 | I91: 344726.55 | K91: =N91-L91 -> 290422 | L91: 26520 | M91: =L91/N91 -> 0.083674616 | N91: 316942 | O91: 297923 | P91: 559817 | Q91: 166 | R91: =O91/Q91 -> 1794.7169 | S91: 29 | T91: =N91/S91 -> 10929.034 | U91: 32891.9 | V91: ='$'!C78 -> 4.417734 | W91: =SUM(C91:E91)/V91 -> 59928.769 | X91: =C91/$V91 -> 29234.279 | Y91: =D91/$V91 -> 6473.9004 | Z91: =E91/$V91 -> 24220.589 | AA91: =C91/((N91+U91)*V91) -> 0.083566171 | AB91: =D91/((N91+U91)*V91) -> 0.018505641 | AC91: =E91/((N91+U91)*V91) -> 0.06923454 | AD91: =(C91+D91+E91)/((N91+U91)*V91) -> 0.17130635 | AE91: =(C91+D91+E91)/((K91+U91)*V91) -> 0.18535785 | AF91: =(P91/V91)/K91 -> 0.43633194 | AG91: =F91/($N91+$U91) -> 0.33658019 | AH91: =G91/($N91+$U91) -> 0.065068022 | AI91: =I91/($N91+$U91) -> 0.98540064 | AJ91: =C91/F91 -> 1.0968355 | AK91: =D91/G91 -> 1.2564236 | AL91: =E91/I91 -> 0.31039129 | AN91: =AJ91/$V91 -> 0.24828012 | AO91: =AK91/$V91 -> 0.28440453 | AP91: =AL91/$V91 -> 0.070260295 | AQ91: =AM91/$V91 -> 0
A92: 2018 | B92: 6 | C92: 100065.44 | D92: 25073.45 | E92: 97688.7 | F92: =89573.38+1640.8 -> 91214.18 | G92: 19974 | I92: 293397.93 | K92: =N92-L92 -> 250353 | L92: 15919 | M92: =L92/N92 -> 0.059784731 | N92: 266272 | O92: 269952 | P92: 531307 | Q92: 164 | R92: =O92/Q92 -> 1646.0488 | S92: 24 | T92: =N92/S92 -> 11094.667 | U92: 17706.6 | V92: ='$'!C79 -> 4.629054 | W92: =SUM(C92:E92)/V92 -> 48136.745 | X92: =C92/$V92 -> 21616.823 | Y92: =D92/$V92 -> 5416.5387 | Z92: =E92/$V92 -> 21103.383 | AA92: =C92/((N92+U92)*V92) -> 0.076121309 | AB92: =D92/((N92+U92)*V92) -> 0.019073757 | AC92: =E92/((N92+U92)*V92) -> 0.074313287 | AD92: =(C92+D92+E92)/((N92+U92)*V92) -> 0.16950835 | AE92: =(C92+D92+E92)/((K92+U92)*V92) -> 0.17957478 | AF92: =(P92/V92)/K92 -> 0.45845899 | AG92: =F92/($N92+$U92) -> 0.32120089 | AH92: =G92/($N92+$U92) -> 0.070336286 | AI92: =I92/($N92+$U92) -> 1.0331692 | AJ92: =C92/F92 -> 1.0970382 | AK92: =D92/G92 -> 1.2553044 | AL92: =E92/I92 -> 0.33295634 | AN92: =AJ92/$V92 -> 0.23698972 | AO92: =AK92/$V92 -> 0.27117947 | AP92: =AL92/$V92 -> 0.071927512 | AQ92: =AM92/$V92 -> 0
A93: 2018 | B93: 7 | C93: 110743.79 | D93: 30081.03 | E93: 125965.35 | F93: =99142.81+1788.39 -> 100931.2 | G93: 23929 | I93: 344259.72 | K93: =N93-L93 -> 292982 | L93: 23650 | M93: =L93/N93 -> 0.074692387 | N93: 316632 | O93: 318005 | P93: 558312 | Q93: 169 | R93: =O93/Q93 -> 1881.6864 | S93: 28 | T93: =N93/S93 -> 11308.286 | U93: 24250 | V93: ='$'!C80 -> 4.761595 | W93: =SUM(C93:E93)/V93 -> 56029.58 | X93: =C93/$V93 -> 23257.709 | Y93: =D93/$V93 -> 6317.4272 | Z93: =E93/$V93 -> 26454.444 | AA93: =C93/((N93+U93)*V93) -> 0.068228034 | AB93: =D93/((N93+U93)*V93) -> 0.018532593 | AC93: =E93/((N93+U93)*V93) -> 0.077605871 | AD93: =(C93+D93+E93)/((N93+U93)*V93) -> 0.1643665 | AE93: =(C93+D93+E93)/((K93+U93)*V93) -> 0.1766202 | AF93: =(P93/V93)/K93 -> 0.40020598 | AG93: =F93/($N93+$U93) -> 0.29608838 | AH93: =G93/($N93+$U93) -> 0.070197312 | AI93: =I93/($N93+$U93) -> 1.0099088 | AJ93: =C93/F93 -> 1.0972206 | AK93: =D93/G93 -> 1.2570952 | AL93: =E93/I93 -> 0.36590209 | AN93: =AJ93/$V93 -> 0.23043131 | AO93: =AK93/$V93 -> 0.26400716 | AP93: =AL93/$V93 -> 0.076844437 | AQ93: =AM93/$V93 -> 0
A94: 2018 | B94: 8 | C94: 88597.23 | D94: 23365.95 | E94: 102651.07 | F94: =70047.53+1218.11 -> 71265.64 | G94: 16355 | I94: 238281.75 | K94: =N94-L94 -> 227397 | L94: 19475 | M94: =L94/N94 -> 0.078887035 | N94: 246872 | O94: 227365 | P94: 510031 | Q94: 171 | R94: =O94/Q94 -> 1329.6199 | S94: 21 | T94: =N94/S94 -> 11755.81 | U94: 14109 | V94: ='$'!C81 -> 5.888005 | W94: =SUM(C94:E94)/V94 -> 36449.4 | X94: =C94/$V94 -> 15047.071 | Y94: =D94/$V94 -> 3968.3985 | Z94: =E94/$V94 -> 17433.931 | AA94: =C94/((N94+U94)*V94) -> 0.057655811 | AB94: =D94/((N94+U94)*V94) -> 0.015205699 | AC94: =E94/((N94+U94)*V94) -> 0.066801532 | AD94: =(C94+D94+E94)/((N94+U94)*V94) -> 0.13966304 | AE94: =(C94+D94+E94)/((K94+U94)*V94) -> 0.15092544 | AF94: =(P94/V94)/K94 -> 0.38092868 | AG94: =F94/($N94+$U94) -> 0.27306831 | AH94: =G94/($N94+$U94) -> 0.062667397 | AI94: =I94/($N94+$U94) -> 0.91302336 | AJ94: =C94/F94 -> 1.243197 | AK94: =D94/G94 -> 1.4286732 | AL94: =E94/I94 -> 0.43079703 | AN94: =AJ94/$V94 -> 0.21114062 | AO94: =AK94/$V94 -> 0.2426413 | AP94: =AL94/$V94 -> 0.073165194 | AQ94: =AM94/$V94 -> 0
A95: 2018 | B95: 9 | C95: 127448.16 | D95: 28196.16 | E95: 134329.29 | F95: =87707.04+780.1 -> 88487.14 | G95: 19281 | I95: 270863.46 | K95: =N95-L95 -> 256554 | L95: 25523 | M95: =L95/N95 -> 0.090482386 | N95: 282077 | O95: 301781 | P95: 518049 | Q95: 169 | R95: =O95/Q95 -> 1785.6864 | S95: 25 | T95: =N95/S95 -> 11283.08 | U95: 19790 | V95: ='$'!C82 -> 6.333883 | W95: =SUM(C95:E95)/V95 -> 45781.334 | X95: =C95/$V95 -> 20121.647 | Y95: =D95/$V95 -> 4451.6389 | Z95: =E95/$V95 -> 21208.047 | AA95: =C95/((N95+U95)*V95) -> 0.066657327 | AB95: =D95/((N95+U95)*V95) -> 0.014747021 | AC95: =E95/((N95+U95)*V95) -> 0.070256263 | AD95: =(C95+D95+E95)/((N95+U95)*V95) -> 0.15166061 | AE95: =(C95+D95+E95)/((K95+U95)*V95) -> 0.16566791 | AF95: =(P95/V95)/K95 -> 0.31880272 | AG95: =F95/($N95+$U95) -> 0.29313287 | AH95: =G95/($N95+$U95) -> 0.0638725 | AI95: =I95/($N95+$U95) -> 0.89729404 | AJ95: =C95/F95 -> 1.4403015 | AK95: =D95/G95 -> 1.4623806 | AL95: =E95/I95 -> 0.49592991 | AN95: =AJ95/$V95 -> 0.22739629 | AO95: =AK95/$V95 -> 0.23088216 | AP95: =AL95/$V95 -> 0.078297926 | AQ95: =AM95/$V95 -> 0
A96: 2018 | B96: 10 | C96: 194498.11 | D96: 35709.09 | E96: 143653.77 | F96: =111983.7+1080.93 -> 113064.63 | G96: 21236 | I96: 302609.79 | K96: =N96-L96 -> 348477 | L96: 19879 | M96: =L96/N96 -> 0.053966815 | N96: 368356 | O96: 356943 | P96: 553411 | Q96: 166 | R96: =O96/Q96 -> 2150.259 | S96: 24 | T96: =N96/S96 -> 15348.167 | U96: 32586 | V96: ='$'!C83 -> 5.831909 | W96: =SUM(C96:E96)/V96 -> 64106.105 | X96: =C96/$V96 -> 33350.676 | Y96: =D96/$V96 -> 6123.0534 | Z96: =E96/$V96 -> 24632.375 | AA96: =C96/((N96+U96)*V96) -> 0.0831808 | AB96: =D96/((N96+U96)*V96) -> 0.015271669 | AC96: =E96/((N96+U96)*V96) -> 0.061436255 | AD96: =(C96+D96+E96)/((N96+U96)*V96) -> 0.15988872 | AE96: =(C96+D96+E96)/((K96+U96)*V96) -> 0.16822968 | AF96: =(P96/V96)/K96 -> 0.27230959 | AG96: =F96/($N96+$U96) -> 0.28199747 | AH96: =G96/($N96+$U96) -> 0.052965267 | AI96: =I96/($N96+$U96) -> 0.75474705 | AJ96: =C96/F96 -> 1.7202383 | AK96: =D96/G96 -> 1.6815356 | AL96: =E96/I96 -> 0.4747162 | AN96: =AJ96/$V96 -> 0.29497002 | AO96: =AK96/$V96 -> 0.28833365 | AP96: =AL96/$V96 -> 0.081399796 | AQ96: =AM96/$V96 -> 0
A97: 2018 | B97: 11 | C97: 194851.05 | D97: 28997.69 | E97: 131020.44 | F97: =109733.75+3311.09 -> 113044.84 | G97: 17680 | I97: 305047.89 | K97: =N97-L97 -> 311988 | L97: 21307 | M97: =L97/N97 -> 0.063928352 | N97: 333295 | O97: 316526 | P97: 533732 | Q97: 164 | R97: =O97/Q97 -> 1930.0366 | S97: 25 | T97: =N97/S97 -> 13331.8 | U97: 26219 | V97: ='$'!C84 -> 5.374481 | W97: =SUM(C97:E97)/V97 -> 66028.549 | X97: =C97/$V97 -> 36254.859 | Y97: =D97/$V97 -> 5395.44 | Z97: =E97/$V97 -> 24378.25 | AA97: =C97/((N97+U97)*V97) -> 0.10084408 | AB97: =D97/((N97+U97)*V97) -> 0.015007594 | AC97: =E97/((N97+U97)*V97) -> 0.067808902 | AD97: =(C97+D97+E97)/((N97+U97)*V97) -> 0.18366058 | AE97: =(C97+D97+E97)/((K97+U97)*V97) -> 0.19523117 | AF97: =(P97/V97)/K97 -> 0.31830893 | AG97: =F97/($N97+$U97) -> 0.31443794 | AH97: =G97/($N97+$U97) -> 0.049177501 | AI97: =I97/($N97+$U97) -> 0.84850073 | AJ97: =C97/F97 -> 1.7236616 | AK97: =D97/G97 -> 1.6401408 | AL97: =E97/I97 -> 0.42950777 | AN97: =AJ97/$V97 -> 0.3207122 | AO97: =AK97/$V97 -> 0.30517195 | AP97: =AL97/$V97 -> 0.07991614 | AQ97: =AM97/$V97 -> 0
A98: 2018 | B98: 12 | C98: 172287.12 | D98: 22045.05 | E98: 104382.21 | F98: =99324.06+1579.26 -> 100903.32 | G98: 13255 | I98: 266076.09 | K98: =N98-L98 -> 239890 | L98: 15738 | M98: =L98/N98 -> 0.061566026 | N98: 255628 | O98: 283302 | P98: 537723 | Q98: 162 | R98: =O98/Q98 -> 1748.7778 | S98: 24 | T98: =N98/S98 -> 10651.167 | U98: 19201 | V98: ='$'!C85 -> 5.309368 | W98: =SUM(C98:E98)/V98 -> 56261.758 | X98: =C98/$V98 -> 32449.647 | Y98: =D98/$V98 -> 4152.1044 | Z98: =E98/$V98 -> 19660.007 | AA98: =C98/((N98+U98)*V98) -> 0.11807214 | AB98: =D98/((N98+U98)*V98) -> 0.015107956 | AC98: =E98/((N98+U98)*V98) -> 0.071535415 | AD98: =(C98+D98+E98)/((N98+U98)*V98) -> 0.20471551 | AE98: =(C98+D98+E98)/((K98+U98)*V98) -> 0.21715057 | AF98: =(P98/V98)/K98 -> 0.42218582 | AG98: =F98/($N98+$U98) -> 0.36714946 | AH98: =G98/($N98+$U98) -> 0.04822999 | AI98: =I98/($N98+$U98) -> 0.96815143 | AJ98: =C98/F98 -> 1.7074475 | AK98: =D98/G98 -> 1.6631498 | AL98: =E98/I98 -> 0.3923021 | AN98: =AJ98/$V98 -> 0.32159147 | AO98: =AK98/$V98 -> 0.31324816 | AP98: =AL98/$V98 -> 0.073888663 | AQ98: =AM98/$V98 -> 0
A99: 2019 | B99: 1 | C99: 170252.27 | D99: 17141.79 | E99: 92975.46 | F99: =97460.19+2277.35 -> 99737.54 | G99: 10222 | I99: 253220.31 | K99: =N99-L99 -> 199738 | L99: 19410 | M99: =L99/N99 -> 0.088570281 | N99: 219148 | O99: 191028 | P99: 619441 | Q99: 158 | R99: =O99/Q99 -> 1209.038 | S99: 20 | T99: =N99/S99 -> 10957.4 | U99: 23970 | V99: ='$'!C86 -> 5.36303 | W99: =SUM(C99:E99)/V99 -> 52278.193 | X99: =C99/$V99 -> 31745.538 | Y99: =D99/$V99 -> 3196.2883 | Z99: =E99/$V99 -> 17336.368 | AA99: =C99/((N99+U99)*V99) -> 0.13057666 | AB99: =D99/((N99+U99)*V99) -> 0.013147066 | AC99: =E99/((N99+U99)*V99) -> 0.07130845 | AD99: =(C99+D99+E99)/((N99+U99)*V99) -> 0.21503218 | AE99: =(C99+D99+E99)/((K99+U99)*V99) -> 0.23368942 | AF99: =(P99/V99)/K99 -> 0.57826782 | AG99: =F99/($N99+$U99) -> 0.41024334 | AH99: =G99/($N99+$U99) -> 0.042045427 | AI99: =I99/($N99+$U99) -> 1.0415531 | AJ99: =C99/F99 -> 1.7070029 | AK99: =D99/G99 -> 1.6769507 | AL99: =E99/I99 -> 0.36717221 | AN99: =AJ99/$V99 -> 0.31829076 | AO99: =AK99/$V99 -> 0.31268717 | AP99: =AL99/$V99 -> 0.068463575 | AQ99: =AM99/$V99 -> 0
A100: 2019 | B100: 2 | C100: 199152.53 | D100: 23157.26 | E100: 126064.83 | F100: =114651.46+2020.27 -> 116671.73 | G100: 14106 | I100: 285803.91 | K100: =N100-L100 -> 269724 | L100: 15033 | M100: =L100/N100 -> 0.052792381 | N100: 284757 | O100: 288104 | P100: 619077 | Q100: 166 | R100: =O100/Q100 -> 1735.5663 | S100: 28 | T100: =N100/S100 -> 10169.893 | U100: 12642 | V100: ='$'!C87 -> 5.269724 | W100: =SUM(C100:E100)/V100 -> 66108.703 | X100: =C100/$V100 -> 37791.833 | Y100: =D100/$V100 -> 4394.3971 | Z100: =E100/$V100 -> 23922.473 | AA100: =C100/((N100+U100)*V100) -> 0.12707451 | AB100: =D100/((N100+U100)*V100) -> 0.014776099 | AC100: =E100/((N100+U100)*V100) -> 0.080438983 | AD100: =(C100+D100+E100)/((N100+U100)*V100) -> 0.22228959 | AE100: =(C100+D100+E100)/((K100+U100)*V100) -> 0.23412416 | AF100: =(P100/V100)/K100 -> 0.43554919 | AG100: =F100/($N100+$U100) -> 0.39230707 | AH100: =G100/($N100+$U100) -> 0.047431229 | AI100: =I100/($N100+$U100) -> 0.96101167 | AJ100: =C100/F100 -> 1.7069476 | AK100: =D100/G100 -> 1.6416603 | AL100: =E100/I100 -> 0.44108854 | AN100: =AJ100/$V100 -> 0.32391594 | AO100: =AK100/$V100 -> 0.31152681 | AP100: =AL100/$V100 -> 0.083702399 | AQ100: =AM100/$V100 -> 0
A101: 2019 | B101: 3 | C101: 208601.95 | D101: 33055.42 | E101: 142319.42 | F101: =120066.85+2131.38 -> 122198.23 | G101: 20022 | I101: 323859.06 | K101: =N101-L101 -> 256651 | L101: 16793 | M101: =L101/N101 -> 0.06141294 | N101: 273444 | O101: 282303 | P101: 721373 | Q101: 167 | R101: =O101/Q101 -> 1690.4371 | S101: 28 | T101: =N101/S101 -> 9765.8571 | U101: 28659 | V101: ='$'!C88 -> 5.476742 | W101: =SUM(C101:E101)/V101 -> 70110.44 | X101: =C101/$V101 -> 38088.694 | Y101: =D101/$V101 -> 6035.5993 | Z101: =E101/$V101 -> 25986.147 | AA101: =C101/((N101+U101)*V101) -> 0.1260785 | AB101: =D101/((N101+U101)*V101) -> 0.019978614 | AC101: =E101/((N101+U101)*V101) -> 0.086017506 | AD101: =(C101+D101+E101)/((N101+U101)*V101) -> 0.23207462 | AE101: =(C101+D101+E101)/((K101+U101)*V101) -> 0.24573425 | AF101: =(P101/V101)/K101 -> 0.51320944 | AG101: =F101/($N101+$U101) -> 0.40449194 | AH101: =G101/($N101+$U101) -> 0.066275409 | AI101: =I101/($N101+$U101) -> 1.0720154 | AJ101: =C101/F101 -> 1.7070783 | AK101: =D101/G101 -> 1.6509549 | AL101: =E101/I101 -> 0.43944863 | AN101: =AJ101/$V101 -> 0.31169595 | AO101: =AK101/$V101 -> 0.30144837 | AP101: =AL101/$V101 -> 0.08023906 | AQ101: =AM101/$V101 -> 0
A102: 2019 | B102: 4 | C102: 211964.61 | D102: =23947.8+297.89 -> 24245.69 | E102: 128997.01 | F102: =122168.75+1997.41 -> 124166.16 | G102: 14628 | I102: 340054.47 | K102: =N102-L102 -> 290490 | L102: 15784 | M102: =L102/N102 -> 0.051535553 | N102: 306274 | O102: 318877 | P102: 768327 | Q102: 167 | R102: =O102/Q102 -> 1909.4431 | S102: 28 | T102: =N102/S102 -> 10938.357 | U102: 45169.7 | V102: ='$'!C89 -> 5.764748 | W102: =SUM(C102:E102)/V102 -> 63351.826 | X102: =C102/$V102 -> 36769.102 | Y102: =D102/$V102 -> 4205.8543 | Z102: =E102/$V102 -> 22376.869 | AA102: =C102/((N102+U102)*V102) -> 0.10462302 | AB102: =D102/((N102+U102)*V102) -> 0.011967363 | AC102: =E102/((N102+U102)*V102) -> 0.063671276 | AD102: =(C102+D102+E102)/((N102+U102)*V102) -> 0.18026166 | AE102: =(C102+D102+E102)/((K102+U102)*V102) -> 0.18873825 | AF102: =(P102/V102)/K102 -> 0.4588118 | AG102: =F102/($N102+$U102) -> 0.35330313 | AH102: =G102/($N102+$U102) -> 0.041622598 | AI102: =I102/($N102+$U102) -> 0.96759302 | AJ102: =C102/F102 -> 1.7071045 | AK102: =D102/G102 -> 1.657485 | AL102: =E102/I102 -> 0.3793422 | AN102: =AJ102/$V102 -> 0.29612821 | AO102: =AK102/$V102 -> 0.2875208 | AP102: =AL102/$V102 -> 0.065803778 | AQ102: =AM102/$V102 -> 0
A103: 2019 | B103: 5 | C103: 199634.38 | D103: =29334.38+349.69 -> 29684.07 | E103: 165092.35 | F103: =115356.12+1578.02 -> 116934.14 | G103: 17912 | I103: 349196.4 | K103: =N103-L103 -> 300850 | L103: 24712 | M103: =L103/N103 -> 0.075905665 | N103: 325562 | O103: 307901 | P103: 781044 | Q103: 168 | R103: =O103/Q103 -> 1832.744 | S103: 29 | T103: =N103/S103 -> 11226.276 | U103: 32125 | V103: ='$'!C90 -> 6.044426 | W103: =SUM(C103:E103)/V103 -> 65251.986 | X103: =C103/$V103 -> 33027.847 | Y103: =D103/$V103 -> 4910.9824 | Z103: =E103/$V103 -> 27313.156 | AA103: =C103/((N103+U103)*V103) -> 0.092337288 | AB103: =D103/((N103+U103)*V103) -> 0.013729832 | AC103: =E103/((N103+U103)*V103) -> 0.076360494 | AD103: =(C103+D103+E103)/((N103+U103)*V103) -> 0.18242761 | AE103: =(C103+D103+E103)/((K103+U103)*V103) -> 0.19596662 | AF103: =(P103/V103)/K103 -> 0.42950717 | AG103: =F103/($N103+$U103) -> 0.3269175 | AH103: =G103/($N103+$U103) -> 0.050077302 | AI103: =I103/($N103+$U103) -> 0.97626249 | AJ103: =C103/F103 -> 1.7072378 | AK103: =D103/G103 -> 1.6572169 | AL103: =E103/I103 -> 0.47277793 | AN103: =AJ103/$V103 -> 0.28244829 | AO103: =AK103/$V103 -> 0.27417276 | AP103: =AL103/$V103 -> 0.078217175 | AQ103: =AM103/$V103 -> 0
A104: 2019 | B104: 6 | C104: 136236.28 | D104: =394.69+19526.94 -> 19921.63 | E104: 135965.3 | F104: =77660.62+2128.4 -> 79789.02 | G104: 11724 | I104: 245322 | K104: =N104-L104 -> 208661 | L104: 20001 | M104: =L104/N104 -> 0.087469715 | N104: 228662 | O104: 224862 | P104: 710948 | Q104: 171 | R104: =O104/Q104 -> 1314.9825 | S104: 24 | T104: =N104/S104 -> 9527.5833 | U104: 11398.5 | V104: ='$'!C91 -> 5.820426 | W104: =SUM(C104:E104)/V104 -> 50189.318 | X104: =C104/$V104 -> 23406.582 | Y104: =D104/$V104 -> 3422.71 | Z104: =E104/$V104 -> 23360.026 | AA104: =C104/((N104+U104)*V104) -> 0.097502847 | AB104: =D104/((N104+U104)*V104) -> 0.014257697 | AC104: =E104/((N104+U104)*V104) -> 0.09730891 | AD104: =(C104+D104+E104)/((N104+U104)*V104) -> 0.20906945 | AE104: =(C104+D104+E104)/((K104+U104)*V104) -> 0.22807158 | AF104: =(P104/V104)/K104 -> 0.58538526 | AG104: =F104/($N104+$U104) -> 0.33237046 | AH104: =G104/($N104+$U104) -> 0.048837689 | AI104: =I104/($N104+$U104) -> 1.0219174 | AJ104: =C104/F104 -> 1.7074565 | AK104: =D104/G104 -> 1.6992178 | AL104: =E104/I104 -> 0.55423199 | AN104: =AJ104/$V104 -> 0.29335593 | AO104: =AK104/$V104 -> 0.29194046 | AP104: =AL104/$V104 -> 0.095221894 | AQ104: =AM104/$V104 -> 0
A105: 2019 | B105: 7 | C105: 169794.13 | D105: =349.69+25849.97 -> 26199.66 | E105: 164500.15 | F105: =97912.89+1522.18 -> 99435.07 | G105: 15618 | I105: 340224.57 | K105: =N105-L105 -> 324162 | L105: 29185 | M105: =L105/N105 -> 0.082595862 | N105: 353347 | O105: 330301 | P105: 861061 | Q105: 173 | R105: =O105/Q105 -> 1909.2543 | S105: 30 | T105: =N105/S105 -> 11778.233 | U105: 20335.4 | V105: ='$'!C92 -> 5.676879 | W105: =SUM(C105:E105)/V105 -> 63502.136 | X105: =C105/$V105 -> 29909.767 | Y105: =D105/$V105 -> 4615.1521 | Z105: =E105/$V105 -> 28977.216 | AA105: =C105/((N105+U105)*V105) -> 0.08004061 | AB105: =D105/((N105+U105)*V105) -> 0.012350467 | AC105: =E105/((N105+U105)*V105) -> 0.077545039 | AD105: =(C105+D105+E105)/((N105+U105)*V105) -> 0.16993612 | AE105: =(C105+D105+E105)/((K105+U105)*V105) -> 0.1843327 | AF105: =(P105/V105)/K105 -> 0.46790984 | AG105: =F105/($N105+$U105) -> 0.26609514 | AH105: =G105/($N105+$U105) -> 0.04179485 | AI105: =I105/($N105+$U105) -> 0.91046453 | AJ105: =C105/F105 -> 1.707588 | AK105: =D105/G105 -> 1.6775298 | AL105: =E105/I105 -> 0.48350462 | AN105: =AJ105/$V105 -> 0.30079697 | AO105: =AK105/$V105 -> 0.29550212 | AP105: =AL105/$V105 -> 0.085170851 | AQ105: =AM105/$V105 -> 0
A106: 2019 | B106: 8 | C106: 167397.37 | D106: 21011.61 | E106: 148610.33 | F106: =82483.05+2522.63 -> 85005.68 | G106: 12349 | I106: 302492.61 | K106: =N106-L106 -> 284377 | L106: 27454 | M106: =L106/N106 -> 0.088041279 | N106: 311831 | O106: 297864 | P106: 882437 | Q106: 180 | R106: =O106/Q106 -> 1654.8 | S106: 27 | T106: =N106/S106 -> 11549.296 | U106: 22415 | V106: ='$'!C93 -> 5.641561 | W106: =SUM(C106:E106)/V106 -> 59738.663 | X106: =C106/$V106 -> 29672.172 | Y106: =D106/$V106 -> 3724.4319 | Z106: =E106/$V106 -> 26342.059 | AA106: =C106/((N106+U106)*V106) -> 0.088773455 | AB106: =D106/((N106+U106)*V106) -> 0.011142787 | AC106: =E106/((N106+U106)*V106) -> 0.078810393 | AD106: =(C106+D106+E106)/((N106+U106)*V106) -> 0.17872663 | AE106: =(C106+D106+E106)/((K106+U106)*V106) -> 0.19472041 | AF106: =(P106/V106)/K106 -> 0.55003453 | AG106: =F106/($N106+$U106) -> 0.25432071 | AH106: =G106/($N106+$U106) -> 0.036945842 | AI106: =I106/($N106+$U106) -> 0.90499994 | AJ106: =C106/F106 -> 1.9692492 | AK106: =D106/G106 -> 1.7014827 | AL106: =E106/I106 -> 0.49128582 | AN106: =AJ106/$V106 -> 0.34906105 | AO106: =AK106/$V106 -> 0.30159786 | AP106: =AL106/$V106 -> 0.087083313 | AQ106: =AM106/$V106 -> 0
A107: 2019 | B107: 9 | C107: 205141.28 | D107: =20887.59 -> 20887.59 | E107: 148452.66 | F107: =103061.95+1681.74 -> 104743.69 | G107: 12507 | I107: 328213.62 | K107: =N107-L107 -> 333840 | L107: 23161 | M107: =L107/N107 -> 0.064876569 | N107: 357001 | O107: 339595 | P107: 915319 | Q107: 202 | R107: =O107/Q107 -> 1681.1634 | S107: 27 | T107: =N107/S107 -> 13222.259 | U107: 36813 | V107: ='$'!C94 -> 5.719617 | W107: =SUM(C107:E107)/V107 -> 65473.183 | X107: =C107/$V107 -> 35866.262 | Y107: =D107/$V107 -> 3651.9211 | Z107: =E107/$V107 -> 25955 | AA107: =C107/((N107+U107)*V107) -> 0.091074115 | AB107: =D107/((N107+U107)*V107) -> 0.009273213 | AC107: =E107/((N107+U107)*V107) -> 0.065906748 | AD107: =(C107+D107+E107)/((N107+U107)*V107) -> 0.16625408 | AE107: =(C107+D107+E107)/((K107+U107)*V107) -> 0.1766428 | AF107: =(P107/V107)/K107 -> 0.47936592 | AG107: =F107/($N107+$U107) -> 0.26597249 | AH107: =G107/($N107+$U107) -> 0.031758647 | AI107: =I107/($N107+$U107) -> 0.83342294 | AJ107: =C107/F107 -> 1.9585073 | AK107: =D107/G107 -> 1.670072 | AL107: =E107/I107 -> 0.452305 | AN107: =AJ107/$V107 -> 0.34241931 | AO107: =AK107/$V107 -> 0.29199017 | AP107: =AL107/$V107 -> 0.079079595 | AQ107: =AM107/$V107 -> 0
A108: 2019 | B108: 10 | C108: 229611.02 | D108: =21179.42 -> 21179.42 | E108: 157785.56 | F108: =115730.18+1516.06 -> 117246.24 | G108: 12787 | I108: 345163.14 | K108: =N108-L108 -> 399136 | L108: 19669 | M108: =L108/N108 -> 0.046964578 | N108: 418805 | O108: 412989 | P108: 973323 | Q108: 207 | R108: =O108/Q108 -> 1995.1159 | S108: 31 | T108: =N108/S108 -> 13509.839 | U108: 24639.3 | V108: ='$'!C95 -> 5.792574 | W108: =SUM(C108:E108)/V108 -> 70534.446 | X108: =C108/$V108 -> 39638.858 | Y108: =D108/$V108 -> 3656.3055 | Z108: =E108/$V108 -> 27239.283 | AA108: =C108/((N108+U108)*V108) -> 0.089388585 | AB108: =D108/((N108+U108)*V108) -> 0.0082452418 | AC108: =E108/((N108+U108)*V108) -> 0.061426616 | AD108: =(C108+D108+E108)/((N108+U108)*V108) -> 0.15906044 | AE108: =(C108+D108+E108)/((K108+U108)*V108) -> 0.16644303 | AF108: =(P108/V108)/K108 -> 0.42098294 | AG108: =F108/($N108+$U108) -> 0.26439902 | AH108: =G108/($N108+$U108) -> 0.02883564 | AI108: =I108/($N108+$U108) -> 0.77836865 | AJ108: =C108/F108 -> 1.9583657 | AK108: =D108/G108 -> 1.6563244 | AL108: =E108/I108 -> 0.45713328 | AN108: =AJ108/$V108 -> 0.33808213 | AO108: =AK108/$V108 -> 0.28593927 | AP108: =AL108/$V108 -> 0.078917125 | AQ108: =AM108/$V108 -> 0
A109: 2019 | B109: 11 | C109: =239112.04 -> 239112.04 | D109: =20625.95 -> 20625.95 | E109: 158812.93 | F109: =120040.95+2044.79 -> 122085.74 | G109: 12366 | I109: 343154.07 | K109: =N109-L109 -> 472207 | L109: 22203 | M109: =L109/N109 -> 0.044908072 | N109: 494410 | O109: 473584 | P109: 961904 | Q109: 218 | R109: =O109/Q109 -> 2172.4037 | S109: 30 | T109: =N109/S109 -> 16480.333 | U109: 19614.5 | V109: ='$'!C96 -> 5.740255 | W109: =SUM(C109:E109)/V109 -> 72915.039 | X109: =C109/$V109 -> 41655.299 | Y109: =D109/$V109 -> 3593.2115 | Z109: =E109/$V109 -> 27666.529 | AA109: =C109/((N109+U109)*V109) -> 0.081037576 | AB109: =D109/((N109+U109)*V109) -> 0.0069903506 | AC109: =E109/((N109+U109)*V109) -> 0.053823366 | AD109: =(C109+D109+E109)/((N109+U109)*V109) -> 0.14185129 | AE109: =(C109+D109+E109)/((K109+U109)*V109) -> 0.14825509 | AF109: =(P109/V109)/K109 -> 0.35486905 | AG109: =F109/($N109+$U109) -> 0.23750957 | AH109: =G109/($N109+$U109) -> 0.024057219 | AI109: =I109/($N109+$U109) -> 0.6675831 | AJ109: =C109/F109 -> 1.9585583 | AK109: =D109/G109 -> 1.6679565 | AL109: =E109/I109 -> 0.46280357 | AN109: =AJ109/$V109 -> 0.34119709 | AO109: =AK109/$V109 -> 0.29057185 | AP109: =AL109/$V109 -> 0.080624219 | AQ109: =AM109/$V109 -> 0
A110: 2019 | B110: 12 | C110: 276403.33 | D110: =23858.56 -> 23858.56 | E110: 165336.75 | F110: =138128.37+2969.44 -> 141097.81 | G110: 14293 | I110: 366601.41 | K110: =N110-L110 -> 404473 | L110: 35484 | M110: =L110/N110 -> 0.080653337 | N110: 439957 | O110: 443077 | P110: 995544 | Q110: 218 | R110: =O110/Q110 -> 2032.4633 | S110: 30 | T110: =N110/S110 -> 14665.233 | U110: 25821 | V110: ='$'!C97 -> 5.853509 | W110: =SUM(C110:E110)/V110 -> 79541.8 | X110: =C110/$V110 -> 47220.108 | Y110: =D110/$V110 -> 4075.9415 | Z110: =E110/$V110 -> 28245.75 | AA110: =C110/((N110+U110)*V110) -> 0.101379 | AB110: =D110/((N110+U110)*V110) -> 0.0087508243 | AC110: =E110/((N110+U110)*V110) -> 0.060642086 | AD110: =(C110+D110+E110)/((N110+U110)*V110) -> 0.17077191 | AE110: =(C110+D110+E110)/((K110+U110)*V110) -> 0.18485454 | AF110: =(P110/V110)/K110 -> 0.42048899 | AG110: =F110/($N110+$U110) -> 0.30292931 | AH110: =G110/($N110+$U110) -> 0.030686293 | AI110: =I110/($N110+$U110) -> 0.78707326 | AJ110: =C110/F110 -> 1.9589484 | AK110: =D110/G110 -> 1.6692479 | AL110: =E110/I110 -> 0.45099867 | AN110: =AJ110/$V110 -> 0.33466224 | AO110: =AK110/$V110 -> 0.28517047 | AP110: =AL110/$V110 -> 0.077047575 | AQ110: =AM110/$V110 -> 0
A111: 2020 | B111: 1 | C111: 288882.44 | D111: =43057.31 -> 43057.31 | E111: 176415.83 | F111: =143522.28+3939.61 -> 147461.89 | G111: 20117 | I111: 373715.37 | K111: =N111-L111 -> 351493 | L111: 40358 | M111: =L111/N111 -> 0.10299323 | N111: 391851 | O111: 414728 | P111: 1051754 | Q111: 211 | R111: =O111/Q111 -> 1965.5355 | S111: 30 | T111: =N111/S111 -> 13061.7 | U111: 20741 | V111: ='$'!C98 -> 5.924601 | W111: =SUM(C111:E111)/V111 -> 85804.188 | X111: =C111/$V111 -> 48759.814 | Y111: =D111/$V111 -> 7267.5459 | Z111: =E111/$V111 -> 29776.829 | AA111: =C111/((N111+U111)*V111) -> 0.11817925 | AB111: =D111/((N111+U111)*V111) -> 0.017614365 | AC111: =E111/((N111+U111)*V111) -> 0.072170156 | AD111: =(C111+D111+E111)/((N111+U111)*V111) -> 0.20796377 | AE111: =(C111+D111+E111)/((K111+U111)*V111) -> 0.23051142 | AF111: =(P111/V111)/K111 -> 0.50505466 | AG111: =F111/($N111+$U111) -> 0.35740366 | AH111: =G111/($N111+$U111) -> 0.04875761 | AI111: =I111/($N111+$U111) -> 0.90577464 | AJ111: =C111/F111 -> 1.9590312 | AK111: =D111/G111 -> 2.1403445 | AL111: =E111/I111 -> 0.47205934 | AN111: =AJ111/$V111 -> 0.33066044 | AO111: =AK111/$V111 -> 0.3612639 | AP111: =AL111/$V111 -> 0.079677828 | AQ111: =AM111/$V111 -> 0
...

Sheet UT2 (12334)
A1: Yıl | B1: Ay | C1: Fatura Tutarı TL | F1: Tüketim | I1: GES Üretim | J1: Siparişe Proses Edilen | K1: İşletmelere Proses Edilen | L1: Toplam Proses Edilen İplik | M1: ∑ Paket. Miktarı | N1: ∑ İşçilik | O1: ∑ Kişi Sayısı | P1: Kişi Başı Üretim kg | Q1: Kur: TL/$ | R1: Fatura | S1: Birim Maliyet ($/kg) | X1: İplik Kg Başına Tüketim | AA1: Enerji Birim Fiyatları
C2: DG-117 | D2: S040+S1528 | E2: E0040 | F2: Dgaz Sm3 | G2: Su m3 | H2: Elektrik kW | I2: Elektrik kW | R2: Enerji | S2: Doğalgaz | T2: Su | U2: Elektrik | V2: Toplam Enerji | W2: İşçilik | X2: Dgaz Sm3 | Y2: Su ton | Z2: Elektrik kW | AA2: Dgaz TL/Sm3 | AB2: Su TL/m3 | AC2: Elk TL/kW | AD2: OSB E TL/kW
A3: 2016 | B3: 1 | C3: 11105.78 | D3: =2544.83+39.29 -> 2584.12 | E3: 86082.98 | F3: 11529.5 | G3: =2079+15 -> 2094 | H3: 379834.56 | J3: 155093 | K3: 140630 | L3: =K3+J3 -> 295723 | M3: 140615.2 | N3: 495707 | O3: 221 | P3: =M3/O3 -> 636.26787 | Q3: ='$'!C50 -> 3.001791 | R3: =SUM(C3:E3)/Q3 -> 33237.784 | S3: =(C3/Q3)/M3 -> 0.026310939 | T3: =D3/Q3/M3 -> 0.0061220935 | U3: =E3/Q3/M3 -> 0.20394101 | V3: =(SUM(C3:E3)/Q3)/M3 -> 0.23637405 | W3: =(N3/Q3)/M3 -> 1.17439 | X3: =F3/M3 -> 0.08199327 | Y3: =G3/M3 -> 0.014891704 | Z3: =H3/M3 -> 2.701234 | AA3: =C3/F3 -> 0.96324906 | AB3: =D3/G3 -> 1.2340592 | AC3: =E3/H3 -> 0.22663283
A4: 2016 | B4: 2 | C4: 11367.59 | D4: =2133.82+9 -> 2142.82 | E4: 93717.24 | F4: 11801.3 | G4: =1679+24 -> 1703 | H4: 402900.12 | J4: 216909 | K4: 196408 | L4: =K4+J4 -> 413317 | M4: 196378.6 | N4: 449653 | O4: 215 | P4: =M4/O4 -> 913.38884 | Q4: ='$'!C51 -> 2.945324 | R4: =SUM(C4:E4)/Q4 -> 36406.063 | S4: =(C4/Q4)/M4 -> 0.019653557 | T4: =D4/Q4/M4 -> 0.0037047461 | U4: =E4/Q4/M4 -> 0.16202881 | V4: =(SUM(C4:E4)/Q4)/M4 -> 0.18538712 | W4: =(N4/Q4)/M4 -> 0.77741024 | X4: =F4/M4 -> 0.060094634 | Y4: =G4/M4 -> 0.0086720243 | Z4: =H4/M4 -> 2.0516498 | AA4: =C4/F4 -> 0.96324896 | AB4: =D4/G4 -> 1.2582619 | AC4: =E4/H4 -> 0.23260663
A5: 2016 | B5: 3 | C5: 8930.89 | D5: =1896.46+71.98 -> 1968.44 | E5: 92158.6 | F5: 9271.63 | G5: =1448+27 -> 1475 | H5: 396199.44 | J5: 195681 | K5: 193108 | L5: =K5+J5 -> 388789 | M5: 193082.8 | N5: 494647 | O5: 218 | P5: =M5/O5 -> 885.70092 | Q5: ='$'!C52 -> 2.882802 | R5: =SUM(C5:E5)/Q5 -> 35749.222 | S5: =(C5/Q5)/M5 -> 0.016044875 | T5: =D5/Q5/M5 -> 0.0035364195 | U5: =E5/Q5/M5 -> 0.16556841 | V5: =(SUM(C5:E5)/Q5)/M5 -> 0.1851497 | W5: =(N5/Q5)/M5 -> 0.88866275 | X5: =F5/M5 -> 0.048018933 | Y5: =G5/M5 -> 0.0076392097 | Z5: =H5/M5 -> 2.0519665 | AA5: =C5/F5 -> 0.96324918 | AB5: =D5/G5 -> 1.3345356 | AC5: =E5/H5 -> 0.23260659
A6: 2016 | B6: 4 | C6: 7788.57 | D6: =2202.65+42 -> 2244.65 | E6: 81915.91 | F6: 8085.83 | G6: =1746+111.93 -> 1857.93 | H6: 352164.96 | J6: 174603 | K6: 206958 | L6: =K6+J6 -> 381561 | M6: 206804.7 | N6: 494811 | O6: 216 | P6: =M6/O6 -> 957.42917 | Q6: ='$'!C53 -> 2.834917 | R6: =SUM(C6:E6)/Q6 -> 32434.505 | S6: =(C6/Q6)/M6 -> 0.01328486 | T6: =D6/Q6/M6 -> 0.0038286695 | U6: =E6/Q6/M6 -> 0.13972287 | V6: =(SUM(C6:E6)/Q6)/M6 -> 0.1568364 | W6: =(N6/Q6)/M6 -> 0.84399251 | X6: =F6/M6 -> 0.03909887 | Y6: =G6/M6 -> 0.0089839834 | Z6: =H6/M6 -> 1.7028866 | AA6: =C6/F6 -> 0.96323692 | AB6: =D6/G6 -> 1.2081456 | AC6: =E6/H6 -> 0.23260665
A7: 2016 | B7: 5 | C7: 11451.49 | D7: =2706.14+136.98 -> 2843.12 | E7: 75667.55 | F7: =11806.82+81.79 -> 11888.61 | G7: =2236+51 -> 2287 | H7: 323530.2 | J7: 137202 | K7: 211386 | L7: =K7+J7 -> 348588 | M7: 211305.4 | N7: 516438 | O7: 224 | P7: =M7/O7 -> 943.32768 | Q7: ='$'!C54 -> 2.940724 | R7: =SUM(C7:E7)/Q7 -> 30591.841 | S7: =(C7/Q7)/M7 -> 0.018428803 | T7: =D7/Q7/M7 -> 0.0045754133 | U7: =E7/Q7/M7 -> 0.12177126 | V7: =(SUM(C7:E7)/Q7)/M7 -> 0.14477548 | W7: =(N7/Q7)/M7 -> 0.83110009 | X7: =F7/M7 -> 0.056262689 | Y7: =G7/M7 -> 0.010823197 | Z7: =H7/M7 -> 1.5311024 | AA7: =C7/F7 -> 0.96323203 | AB7: =D7/G7 -> 1.2431657 | AC7: =E7/H7 -> 0.23388095
A8: 2016 | B8: 6 | C8: 11506.41 | D8: =132.3+3083.95 -> 3216.25 | E8: 75707.53 | F8: =11837.02+108.39 -> 11945.41 | G8: =49+2397 -> 2446 | H8: 332569.44 | J8: 135346 | K8: 220068 | L8: =K8+J8 -> 355414 | M8: 218144.6 | N8: 469957 | O8: 221 | P8: =M8/O8 -> 987.07964 | Q8: ='$'!C55 -> 2.914586 | R8: =SUM(C8:E8)/Q8 -> 31026.77 | S8: =(C8/Q8)/M8 -> 0.018097497 | T8: =D8/Q8/M8 -> 0.0050585781 | U8: =E8/Q8/M8 -> 0.11907422 | V8: =(SUM(C8:E8)/Q8)/M8 -> 0.14223029 | W8: =(N8/Q8)/M8 -> 0.73915715 | X8: =F8/M8 -> 0.054759137 | Y8: =G8/M8 -> 0.011212746 | Z8: =H8/M8 -> 1.5245367 | AA8: =C8/F8 -> 0.96324948 | AB8: =D8/G8 -> 1.3149019 | AC8: =E8/H8 -> 0.22764428
A9: 2016 | B9: 7 | C9: 9928.28 | D9: =2446.76 -> 2446.76 | E9: 76513.51 | F9: =10230.08+77.01 -> 10307.09 | G9: =1851 -> 1851 | H9: 336110.04 | J9: 160054 | K9: 192819 | L9: =K9+J9 -> 352873 | M9: 192774.9 | N9: 501510 | O9: 212 | P9: =M9/O9 -> 909.31557 | Q9: ='$'!C56 -> 2.969792 | R9: =SUM(C9:E9)/Q9 -> 29930.901 | S9: =(C9/Q9)/M9 -> 0.017341933 | T9: =D9/Q9/M9 -> 0.0042738065 | U9: =E9/Q9/M9 -> 0.13364774 | V9: =(SUM(C9:E9)/Q9)/M9 -> 0.15526348 | W9: =(N9/Q9)/M9 -> 0.87599793 | X9: =F9/M9 -> 0.053466971 | Y9: =G9/M9 -> 0.0096018724 | Z9: =H9/M9 -> 1.7435363 | AA9: =C9/F9 -> 0.96324763 | AB9: =D9/G9 -> 1.3218585 | AC9: =E9/H9 -> 0.22764423
A10: 2016 | B10: 8 | C10: 11811.13 | D10: =2752.96+183.96 -> 2936.92 | E10: 88810 | F10: =12156.21 -> 12156.21 | G10: =2149+67 -> 2216 | H10: 390126.24 | J10: 226687 | K10: 214611 | L10: =K10+J10 -> 441298 | M10: 214520.3 | N10: 518517 | O10: 220 | P10: =M10/O10 -> 975.09227 | Q10: ='$'!C57 -> 2.960826 | R10: =SUM(C10:E10)/Q10 -> 34976.067 | S10: =(C10/Q10)/M10 -> 0.018595599 | T10: =D10/Q10/M10 -> 0.0046239256 | U10: =E10/Q10/M10 -> 0.13982364 | V10: =(SUM(C10:E10)/Q10)/M10 -> 0.16304316 | W10: =(N10/Q10)/M10 -> 0.81636 | X10: =F10/M10 -> 0.056666945 | Y10: =G10/M10 -> 0.010330025 | Z10: =H10/M10 -> 1.8185982 | AA10: =C10/F10 -> 0.97161286 | AB10: =D10/G10 -> 1.3253249 | AC10: =E10/H10 -> 0.22764426
A11: 2016 | B11: 9 | C11: 7989.81 | D11: =2703.86+117.72 -> 2821.58 | E11: 72541.09 | F11: =8158.23+136.41 -> 8294.64 | G11: =2011+43 -> 2054 | H11: 316484.28 | J11: 177779 | K11: 171601 | L11: =K11+J11 -> 349380 | M11: 171525.3 | N11: 489872 | O11: 216 | P11: =M11/O11 -> 794.09861 | Q11: ='$'!C58 -> 2.968482 | R11: =SUM(C11:E11)/Q11 -> 28079.16 | S11: =(C11/Q11)/M11 -> 0.015691839 | T11: =D11/Q11/M11 -> 0.0055415309 | U11: =E11/Q11/M11 -> 0.14246936 | V11: =(SUM(C11:E11)/Q11)/M11 -> 0.16370273 | W11: =(N11/Q11)/M11 -> 0.96209955 | X11: =F11/M11 -> 0.048358114 | Y11: =G11/M11 -> 0.01197491 | Z11: =H11/M11 -> 1.8451172 | AA11: =C11/F11 -> 0.96324976 | AB11: =D11/G11 -> 1.3737001 | AC11: =E11/H11 -> 0.22920914
A12: 2016 | B12: 10 | C12: 6975.89 | D12: =161.82+3617.74 -> 3779.56 | E12: 101305.88 | F12: =7832.48+114.48 -> 7946.96 | G12: =59+2545 -> 2604 | H12: 430640.28 | J12: 221644 | K12: 263356 | L12: =K12+J12 -> 485000 | M12: 263196.2 | N12: 554182 | O12: 225 | P12: =M12/O12 -> 1169.7609 | Q12: ='$'!C59 -> 3.073362 | R12: =SUM(C12:E12)/Q12 -> 36462.132 | S12: =(C12/Q12)/M12 -> 0.0086239512 | T12: =D12/Q12/M12 -> 0.004672485 | U12: =E12/Q12/M12 -> 0.1252395 | V12: =(SUM(C12:E12)/Q12)/M12 -> 0.13853594 | W12: =(N12/Q12)/M12 -> 0.68510807 | X12: =F12/M12 -> 0.030194053 | Y12: =G12/M12 -> 0.0098937599 | Z12: =H12/M12 -> 1.6361949 | AA12: =C12/F12 -> 0.8778061 | AB12: =D12/G12 -> 1.4514439 | AC12: =E12/H12 -> 0.23524478
A13: 2016 | B13: 11 | C13: 8977.01 | D13: =3653.22+158.59 -> 3811.81 | E13: 109555.85 | F13: =10147.88+93.06 -> 10240.94 | G13: =2654+57 -> 2711 | H13: 477973.44 | J13: 244542 | K13: 227400 | L13: =K13+J13 -> 471942 | M13: 227348.3 | N13: 540567 | O13: 230 | P13: =M13/O13 -> 988.47087 | Q13: ='$'!C60 -> 3.299438 | R13: =SUM(C13:E13)/Q13 -> 37080.457 | S13: =(C13/Q13)/M13 -> 0.011967406 | T13: =D13/Q13/M13 -> 0.0050815893 | U13: =E13/Q13/M13 -> 0.14605078 | V13: =(SUM(C13:E13)/Q13)/M13 -> 0.16309978 | W13: =(N13/Q13)/M13 -> 0.72063914 | X13: =F13/M13 -> 0.045045158 | Y13: =G13/M13 -> 0.011924435 | Z13: =H13/M13 -> 2.1023841 | AA13: =C13/F13 -> 0.87658067 | AB13: =D13/G13 -> 1.4060531 | AC13: =E13/H13 -> 0.22920907
A14: 2016 | B14: 12 | C14: 13518.47 | D14: =195.77+4891.2 -> 5086.97 | E14: 122064.38 | F14: =15283.56+138.24 -> 15421.8 | G14: =70+3711 -> 3781 | H14: 494086.32 | J14: 257508 | K14: 259763 | L14: =K14+J14 -> 517271 | M14: 259709.7 | N14: 557878 | O14: 226 | P14: =M14/O14 -> 1149.158 | Q14: ='$'!C61 -> 3.502333 | R14: =SUM(C14:E14)/Q14 -> 40164.605 | S14: =(C14/Q14)/M14 -> 0.01486216 | T14: =D14/Q14/M14 -> 0.0055925976 | U14: =E14/Q14/M14 -> 0.13419717 | V14: =(SUM(C14:E14)/Q14)/M14 -> 0.15465192 | W14: =(N14/Q14)/M14 -> 0.61332918 | X14: =F14/M14 -> 0.059380916 | Y14: =G14/M14 -> 0.014558563 | Z14: =H14/M14 -> 1.9024562 | AA14: =C14/F14 -> 0.87658185 | AB14: =D14/G14 -> 1.3454033 | AC14: =E14/H14 -> 0.24705072
A15: 2017 | B15: 1 | C15: 8664.09 | D15: =252.72+3601.04 -> 3853.76 | E15: 119052.49 | F15: =9784.14+99.8 -> 9883.94 | G15: =40+2368 -> 2408 | H15: 514951.92 | J15: 207790 | K15: 265977 | L15: =K15+J15 -> 473767 | M15: 263495.3 | N15: 571813 | O15: 235 | P15: =M15/O15 -> 1121.2566 | Q15: ='$'!C62 -> 3.812 | R15: =SUM(C15:E15)/Q15 -> 34514.78 | S15: =(C15/Q15)/M15 -> 0.0086257564 | T15: =D15/Q15/M15 -> 0.0038367093 | U15: =E15/Q15/M15 -> 0.11852575 | V15: =(SUM(C15:E15)/Q15)/M15 -> 0.13098822 | W15: =(N15/Q15)/M15 -> 0.56928306 | X15: =F15/M15 -> 0.037510878 | Y15: =G15/M15 -> 0.0091386829 | Z15: =H15/M15 -> 1.9543116 | AA15: =C15/F15 -> 0.87658262 | AB15: =D15/G15 -> 1.6003987 | AC15: =E15/H15 -> 0.23119147
A16: 2017 | B16: 2 | C16: 13377.14 | D16: =128.4+3482.31 -> 3610.71 | E16: 127903.26 | F16: =15190.55+70.04 -> 15260.59 | G16: =45+2276 -> 2321 | H16: 535298.4 | J16: 179283 | K16: 278691 | L16: =K16+J16 -> 457974 | M16: 275276.2 | N16: 547638 | O16: 240 | P16: =M16/O16 -> 1146.9842 | Q16: ='$'!C63 -> 3.666612 | R16: =SUM(C16:E16)/Q16 -> 39516.346 | S16: =(C16/Q16)/M16 -> 0.013253472 | T16: =D16/Q16/M16 -> 0.0035773299 | U16: =E16/Q16/M16 -> 0.12672083 | V16: =(SUM(C16:E16)/Q16)/M16 -> 0.14355163 | W16: =(N16/Q16)/M16 -> 0.54257522 | X16: =F16/M16 -> 0.055437375 | Y16: =G16/M16 -> 0.0084315317 | Z16: =H16/M16 -> 1.9445866 | AA16: =C16/F16 -> 0.87658079 | AB16: =D16/G16 -> 1.55567 | AC16: =E16/H16 -> 0.23893824
A17: 2017 | B17: 3 | C17: 12630.24 | D17: =210.55+3398.24 -> 3608.79 | E17: 155269.56 | F17: =14180.51+121.57 -> 14302.08 | G17: =32+2203 -> 2235 | H17: 604290.96 | J17: 291961 | K17: 316996 | L17: =K17+J17 -> 608957 | M17: 316993.2 | N17: 635639 | O17: 244 | P17: =M17/O17 -> 1299.1525 | Q17: ='$'!C64 -> 3.599536 | R17: =SUM(C17:E17)/Q17 -> 47647.416 | S17: =(C17/Q17)/M17 -> 0.011069172 | T17: =D17/Q17/M17 -> 0.003162752 | U17: =E17/Q17/M17 -> 0.13607861 | V17: =(SUM(C17:E17)/Q17)/M17 -> 0.15031053 | W17: =(N17/Q17)/M17 -> 0.55707551 | X17: =F17/M17 -> 0.045117939 | Y17: =G17/M17 -> 0.0070506244 | Z17: =H17/M17 -> 1.9063215 | AA17: =C17/F17 -> 0.88310511 | AB17: =D17/G17 -> 1.6146711 | AC17: =E17/H17 -> 0.25694503
A18: 2017 | B18: 4 | C18: 14282.24 | D18: =716.34+3171.27 -> 3887.61 | E18: 146141.05 | F18: =16110.24+59.96 -> 16170.2 | G18: =108+2035 -> 2143 | H18: 568764 | J18: 281171 | K18: 343830 | L18: =K18+J18 -> 625001 | M18: 343174.8 | N18: 638015 | O18: 245 | P18: =M18/O18 -> 1400.7135 | Q18: ='$'!C65 -> 3.653912 | R18: =SUM(C18:E18)/Q18 -> 44968.489 | S18: =(C18/Q18)/M18 -> 0.011389977 | T18: =D18/Q18/M18 -> 0.0031003392 | U18: =E18/Q18/M18 -> 0.11654637 | V18: =(SUM(C18:E18)/Q18)/M18 -> 0.13103669 | W18: =(N18/Q18)/M18 -> 0.50881208 | X18: =F18/M18 -> 0.047119427 | Y18: =G18/M18 -> 0.006244631 | Z18: =H18/M18 -> 1.6573595 | AA18: =C18/F18 -> 0.88324449 | AB18: =D18/G18 -> 1.8140971 | AC18: =E18/H18 -> 0.25694497
A19: 2017 | B19: 5 | C19: 15511.75 | D19: =770.55+3389.52 -> 4160.07 | E19: 145512.34 | F19: =17380.92+179.93 -> 17560.85 | G19: =115+2183 -> 2298 | H19: 566317.08 | J19: 283037 | K19: 316837 | L19: =K19+J19 -> 599874 | M19: 320250.4 | N19: 674284 | O19: 244 | P19: =M19/O19 -> 1312.5016 | Q19: ='$'!C66 -> 3.568617 | R19: =SUM(C19:E19)/Q19 -> 46288.005 | S19: =(C19/Q19)/M19 -> 0.013572854 | T19: =D19/Q19/M19 -> 0.0036400807 | U19: =E19/Q19/M19 -> 0.12732398 | V19: =(SUM(C19:E19)/Q19)/M19 -> 0.14453691 | W19: =(N19/Q19)/M19 -> 0.59000166 | X19: =F19/M19 -> 0.054834748 | Y19: =G19/M19 -> 0.0071756351 | Z19: =H19/M19 -> 1.7683571 | AA19: =C19/F19 -> 0.8833143 | AB19: =D19/G19 -> 1.8103003 | AC19: =E19/H19 -> 0.256945
A20: 2017 | B20: 6 | C20: 15229.82 | D20: =3282.41+380.14 -> 3662.55 | E20: 154482.43 | F20: =16993.9+246.81 -> 17240.71 | G20: =2100+36 -> 2136 | H20: 554898.96 | J20: 227943 | K20: 280194 | L20: =K20+J20 -> 508137 | M20: 277466.9 | N20: 623568 | O20: 254 | P20: =M20/O20 -> 1092.3894 | Q20: ='$'!C67 -> 3.519175 | R20: =SUM(C20:E20)/Q20 -> 49265.751 | S20: =(C20/Q20)/M20 -> 0.015597059 | T20: =D20/Q20/M20 -> 0.0037508657 | U20: =E20/Q20/M20 -> 0.15820749 | V20: =(SUM(C20:E20)/Q20)/M20 -> 0.17755542 | W20: =(N20/Q20)/M20 -> 0.63860421 | X20: =F20/M20 -> 0.062136096 | Y20: =G20/M20 -> 0.0076982155 | Z20: =H20/M20 -> 1.9998744 | AA20: =C20/F20 -> 0.88336385 | AB20: =D20/G20 -> 1.714677 | AC20: =E20/H20 -> 0.2783974
A21: 2017 | B21: 7 | C21: 16797.55 | D21: =3592.15+415.95 -> 4008.1 | E21: 153414.35 | F21: =18857.28+157.37 -> 19014.65 | G21: =61+2340 -> 2401 | H21: 599770.08 | J21: 242795 | K21: 288919 | L21: =K21+J21 -> 531714 | M21: 285695 | N21: 713259 | O21: 264 | P21: =M21/O21 -> 1082.178 | Q21: ='$'!C68 -> 3.556397 | R21: =SUM(C21:E21)/Q21 -> 48987.782 | S21: =(C21/Q21)/M21 -> 0.016532292 | T21: =D21/Q21/M21 -> 0.0039448062 | U21: =E21/Q21/M21 -> 0.15099171 | V21: =(SUM(C21:E21)/Q21)/M21 -> 0.17146881 | W21: =(N21/Q21)/M21 -> 0.70199559 | X21: =F21/M21 -> 0.066555768 | Y21: =G21/M21 -> 0.0084040673 | Z21: =H21/M21 -> 2.099337 | AA21: =C21/F21 -> 0.88340043 | AB21: =D21/G21 -> 1.6693461 | AC21: =E21/H21 -> 0.2557886
A22: 2017 | B22: 8 | C22: 16369.58 | D22: =591.63+4024.51 -> 4616.14 | E22: 156074.32 | F22: =18183.15+346.95 -> 18530.1 | G22: =87+2675 -> 2762 | H22: 604646.28 | J22: 301749 | K22: 305588 | L22: =K22+J22 -> 607337 | M22: 310231.6 | N22: 692928 | O22: 268 | P22: =M22/O22 -> 1157.5806 | Q22: ='$'!C69 -> 3.50946 | R22: =SUM(C22:E22)/Q22 -> 50452.218 | S22: =(C22/Q22)/M22 -> 0.015035269 | T22: =D22/Q22/M22 -> 0.004239871 | U22: =E22/Q22/M22 -> 0.14335245 | V22: =(SUM(C22:E22)/Q22)/M22 -> 0.16262759 | W22: =(N22/Q22)/M22 -> 0.63644632 | X22: =F22/M22 -> 0.059729892 | Y22: =G22/M22 -> 0.008903026 | Z22: =H22/M22 -> 1.9490158 | AA22: =C22/F22 -> 0.88340484 | AB22: =D22/G22 -> 1.6713034 | AC22: =E22/H22 -> 0.258125
A23: 2017 | B23: 9 | C23: 12802.56 | D23: =476.74+2934.83 -> 3411.57 | E23: 140792.4 | F23: =14431.74+59.74 -> 14491.48 | G23: =70+1913 -> 1983 | H23: 560667.24 | J23: 292940 | K23: 287741 | L23: =K23+J23 -> 580681 | M23: 287741 | N23: 704628 | O23: 272 | P23: =M23/O23 -> 1057.8713 | Q23: ='$'!C70 -> 3.467228 | R23: =SUM(C23:E23)/Q23 -> 45283.013 | S23: =(C23/Q23)/M23 -> 0.012832541 | T23: =D23/Q23/M23 -> 0.0034195593 | U23: =E23/Q23/M23 -> 0.14112211 | V23: =(SUM(C23:E23)/Q23)/M23 -> 0.15737421 | W23: =(N23/Q23)/M23 -> 0.70627811 | X23: =F23/M23 -> 0.050362931 | Y23: =G23/M23 -> 0.0068916143 | Z23: =H23/M23 -> 1.9485136 | AA23: =C23/F23 -> 0.88345428 | AB23: =D23/G23 -> 1.7204085 | AC23: =E23/H23 -> 0.2511158
A24: 2017 | B24: 10 | C24: 14369.36 | D24: =2540.84+383.38 -> 2924.22 | E24: 139454 | F24: =15924.64+339.24 -> 16263.88 | G24: =1594+56 -> 1650 | H24: 555337.44 | J24: 261691 | K24: 353516 | L24: =K24+J24 -> 615207 | M24: 345207.2 | N24: 746460 | O24: 280 | P24: =M24/O24 -> 1232.8829 | Q24: ='$'!C71 -> 3.672914 | R24: =SUM(C24:E24)/Q24 -> 42676.627 | S24: =(C24/Q24)/M24 -> 0.01133305 | T24: =D24/Q24/M24 -> 0.0023063193 | U24: =E24/Q24/M24 -> 0.10998675 | V24: =(SUM(C24:E24)/Q24)/M24 -> 0.12362612 | W24: =(N24/Q24)/M24 -> 0.58872969 | X24: =F24/M24 -> 0.047113386 | Y24: =G24/M24 -> 0.0047797381 | Z24: =H24/M24 -> 1.6087076 | AA24: =C24/F24 -> 0.88351365 | AB24: =D24/G24 -> 1.7722545 | AC24: =E24/H24 -> 0.25111579
A25: 2017 | B25: 11 | C25: 17346.77 | D25: =2329.61+427.22 -> 2756.83 | E25: 139367.32 | F25: =19331.6+228.69 -> 19560.29 | G25: =62+1423 -> 1485 | H25: 554992.2 | J25: 296031 | K25: 305789 | L25: =K25+J25 -> 601820 | M25: 283358.2 | N25: 640678 | O25: 247 | P25: =M25/O25 -> 1147.1992 | Q25: ='$'!C72 -> 3.889185 | R25: =SUM(C25:E25)/Q25 -> 41003.686 | S25: =(C25/Q25)/M25 -> 0.015740707 | T25: =D25/Q25/M25 -> 0.0025015869 | U25: =E25/Q25/M25 -> 0.1264639 | V25: =(SUM(C25:E25)/Q25)/M25 -> 0.14470619 | W25: =(N25/Q25)/M25 -> 0.58136037 | X25: =F25/M25 -> 0.069030259 | Y25: =G25/M25 -> 0.0052407165 | Z25: =H25/M25 -> 1.9586241 | AA25: =C25/F25 -> 0.88683603 | AB25: =D25/G25 -> 1.8564512 | AC25: =E25/H25 -> 0.25111582
A26: 2017 | B26: 12 | C26: 18727.8 | D26: =2842.2+427.22 -> 3269.42 | E26: 140133.65 | F26: =20855.66+255.92 -> 21111.58 | G26: =1838 -> 1838 | H26: 558043.92 | J26: 236171 | K26: 380774 | L26: =K26+J26 -> 616945 | M26: 349214.5 | N26: 694464 | O26: 259 | P26: =M26/O26 -> 1348.3185 | Q26: ='$'!C73 -> 3.843316 | R26: =SUM(C26:E26)/Q26 -> 42185.152 | S26: =(C26/Q26)/M26 -> 0.013953668 | T26: =D26/Q26/M26 -> 0.0024359723 | U26: =E26/Q26/M26 -> 0.10441048 | V26: =(SUM(C26:E26)/Q26)/M26 -> 0.12080012 | W26: =(N26/Q26)/M26 -> 0.51742973 | X26: =F26/M26 -> 0.060454477 | Y26: =G26/M26 -> 0.0052632408 | Z26: =H26/M26 -> 1.5979976 | AA26: =C26/F26 -> 0.88708661 | AB26: =D26/G26 -> 1.7787922 | AC26: =E26/H26 -> 0.25111581
A27: 2018 | B27: 1 | C27: 24335.71 | D27: =366.15+3175.69 -> 3541.84 | E27: 160495.25 | F27: =24010.8+288.99 -> 24299.79 | G27: =51+2108 -> 2159 | H27: 635722.92 | J27: 390831 | K27: 332879 | L27: =K27+J27 -> 723710 | M27: 347726.6 | N27: 802832 | O27: 269 | P27: =M27/O27 -> 1292.6639 | Q27: ='$'!C74 -> 3.772753 | R27: =SUM(C27:E27)/Q27 -> 49929.799 | S27: =(C27/Q27)/M27 -> 0.018550163 | T27: =D27/Q27/M27 -> 0.0026998066 | U27: =E27/Q27/M27 -> 0.12233927 | V27: =(SUM(C27:E27)/Q27)/M27 -> 0.14358924 | W27: =(N27/Q27)/M27 -> 0.61196754 | X27: =F27/M27 -> 0.069881884 | Y27: =G27/M27 -> 0.0062089009 | Z27: =H27/M27 -> 1.8282263 | AA27: =C27/F27 -> 1.0014782 | AB27: =D27/G27 -> 1.6405002 | AC27: =E27/H27 -> 0.25246101
A28: 2018 | B28: 2 | C28: 23410.11 | D28: =354.22+2854.55 -> 3208.77 | E28: 153823.48 | F28: =23098.5+244.28 -> 23342.78 | G28: =49+1848 -> 1897 | H28: 562930.2 | J28: 361096 | K28: 272926 | L28: =K28+J28 -> 634022 | M28: 343756.3 | N28: 765154 | O28: 268 | P28: =M28/O28 -> 1282.6728 | Q28: ='$'!C75 -> 3.78455 | R28: =SUM(C28:E28)/Q28 -> 47678.683 | S28: =(C28/Q28)/M28 -> 0.017994449 | T28: =D28/Q28/M28 -> 0.0024664577 | U28: =E28/Q28/M28 -> 0.11823818 | V28: =(SUM(C28:E28)/Q28)/M28 -> 0.13869908 | W28: =(N28/Q28)/M28 -> 0.58814436 | X28: =F28/M28 -> 0.067905025 | Y28: =G28/M28 -> 0.0055184443 | Z28: =H28/M28 -> 1.6375851 | AA28: =C28/F28 -> 1.0028844 | AB28: =D28/G28 -> 1.6914971 | AC28: =E28/H28 -> 0.27325498
A29: 2018 | B29: 3 | C29: 23691.45 | D29: =423.55+3220.15 -> 3643.7 | E29: 153371.75 | F29: =23346.9+272.83 -> 23619.73 | G29: =2144+58 -> 2202 | H29: 561277.08 | J29: 445088 | K29: 216671 | L29: =K29+J29 -> 661759 | M29: 436277.9 | N29: 834545 | O29: 267 | P29: =M29/O29 -> 1633.9996 | Q29: ='$'!C76 -> 3.889189 | R29: =SUM(C29:E29)/Q29 -> 46463.903 | S29: =(C29/Q29)/M29 -> 0.013962699 | T29: =D29/Q29/M29 -> 0.0021474366 | U29: =E29/Q29/M29 -> 0.090390567 | V29: =(SUM(C29:E29)/Q29)/M29 -> 0.1065007 | W29: =(N29/Q29)/M29 -> 0.49184413 | X29: =F29/M29 -> 0.054139185 | Y29: =G29/M29 -> 0.0050472417 | Z29: =H29/M29 -> 1.2865127 | AA29: =C29/F29 -> 1.0030364 | AB29: =D29/G29 -> 1.654723 | AC29: =E29/H29 -> 0.27325497
A30: 2018 | B30: 4 | C30: =18826.17 -> 18826.17 | D30: =308.96+2587.89 -> 2896.85 | E30: 146695.18 | F30: =16913.41+275.93 -> 17189.34 | G30: =42+1588 -> 1630 | H30: 464138.64 | J30: 344050 | K30: 200725 | L30: =K30+J30 -> 544775 | M30: 341333.5 | N30: 778053 | O30: 258 | P30: =M30/O30 -> 1322.9981 | Q30: ='$'!C77 -> 4.060187 | R30: =SUM(C30:E30)/Q30 -> 41480.405 | S30: =(C30/Q30)/M30 -> 0.013584293 | T30: =D30/Q30/M30 -> 0.0020902636 | U30: =E30/Q30/M30 -> 0.10585001 | V30: =(SUM(C30:E30)/Q30)/M30 -> 0.12152456 | W30: =(N30/Q30)/M30 -> 0.56141528 | X30: =F30/M30 -> 0.05035937 | Y30: =G30/M30 -> 0.0047753883 | Z30: =H30/M30 -> 1.3597805 | AA30: =C30/F30 -> 1.0952236 | AB30: =D30/G30 -> 1.7772086 | AC30: =E30/H30 -> 0.31605897
A31: 2018 | B31: 5 | C31: 23768.02 | D31: =371.44+3028.83 -> 3400.27 | E31: 183975.24 | F31: =21675.49-5.86 -> 21669.63 | G31: =50+1945 -> 1995 | H31: 594210.96 | J31: 415586 | K31: 302761 | L31: =K31+J31 -> 718347 | M31: 402254.7 | N31: 826644 | O31: 264 | P31: =M31/O31 -> 1523.692 | Q31: ='$'!C78 -> 4.417734 | R31: =SUM(C31:E31)/Q31 -> 47794.532 | S31: =(C31/Q31)/M31 -> 0.013374955 | T31: =D31/Q31/M31 -> 0.0019134306 | U31: =E31/Q31/M31 -> 0.10352821 | V31: =(SUM(C31:E31)/Q31)/M31 -> 0.11881659 | W31: =(N31/Q31)/M31 -> 0.46517657 | X31: =F31/M31 -> 0.053870421 | Y31: =G31/M31 -> 0.0049595443 | Z31: =H31/M31 -> 1.4772008 | AA31: =C31/F31 -> 1.0968355 | AB31: =D31/G31 -> 1.704396 | AC31: =E31/H31 -> 0.30961267
A32: 2018 | B32: 6 | C32: 21870.57 | D32: =2957.2+332.99 -> 3290.19 | E32: 170052.95 | F32: =19634.07+301.95 -> 19936.02 | G32: =1887+44 -> 1931 | H32: 511048.44 | J32: 280786 | K32: 221122 | L32: =K32+J32 -> 501908 | M32: 282138.5 | N32: 772215 | O32: 263 | P32: =M32/O32 -> 1072.77 | Q32: ='$'!C79 -> 4.629054 | R32: =SUM(C32:E32)/Q32 -> 42171.405 | S32: =(C32/Q32)/M32 -> 0.016745785 | T32: =D32/Q32/M32 -> 0.0025192216 | U32: =E32/Q32/M32 -> 0.13020557 | V32: =(SUM(C32:E32)/Q32)/M32 -> 0.14947058 | W32: =(N32/Q32)/M32 -> 0.59126699 | X32: =F32/M32 -> 0.070660403 | Y32: =G32/M32 -> 0.0068441563 | Z32: =H32/M32 -> 1.8113389 | AA32: =C32/F32 -> 1.0970379 | AB32: =D32/G32 -> 1.7038788 | AC32: =E32/H32 -> 0.33275309
A33: 2018 | B33: 7 | C33: 22795.49 | D33: =492.18+3426.55 -> 3918.73 | E33: 211004.73 | F33: =20383.66+392.01 -> 20775.67 | G33: =64+2267 -> 2331 | H33: 575517.6 | J33: 328702 | K33: 210393 | L33: =K33+J33 -> 539095 | M33: 329180.8 | N33: 864736 | O33: 277 | P33: =M33/O33 -> 1188.3783 | Q33: ='$'!C80 -> 4.761595 | R33: =SUM(C33:E33)/Q33 -> 49924.227 | S33: =(C33/Q33)/M33 -> 0.014543267 | T33: =D33/Q33/M33 -> 0.0025001058 | U33: =E33/Q33/M33 -> 0.13461865 | V33: =(SUM(C33:E33)/Q33)/M33 -> 0.15166203 | W33: =(N33/Q33)/M33 -> 0.55169188 | X33: =F33/M33 -> 0.06311325 | Y33: =G33/M33 -> 0.0070812149 | Z33: =H33/M33 -> 1.7483328 | AA33: =C33/F33 -> 1.0972205 | AB33: =D33/G33 -> 1.6811369 | AC33: =E33/H33 -> 0.36663471
A34: 2018 | B34: 8 | C34: 20654.12 | D34: =3582.98+473.47 -> 4056.45 | E34: 223954.49 | F34: =16359.28+250.44 -> 16609.72 | G34: =2110+60 -> 2170 | H34: 516237.12 | J34: 270614 | K34: 187148 | L34: =K34+J34 -> 457762 | M34: 268629 | N34: 818904 | O34: 270 | P34: =M34/O34 -> 994.92222 | Q34: ='$'!C81 -> 5.888005 | R34: =SUM(C34:E34)/Q34 -> 42232.481 | S34: =(C34/Q34)/M34 -> 0.01305827 | T34: =D34/Q34/M34 -> 0.002564632 | U34: =E34/Q34/M34 -> 0.141592 | V34: =(SUM(C34:E34)/Q34)/M34 -> 0.1572149 | W34: =(N34/Q34)/M34 -> 0.51774025 | X34: =F34/M34 -> 0.061831448 | Y34: =G34/M34 -> 0.0080780556 | Z34: =H34/M34 -> 1.9217475 | AA34: =C34/F34 -> 1.243496 | AB34: =D34/G34 -> 1.8693318 | AC34: =E34/H34 -> 0.43382097
A35: 2018 | B35: 9 | C35: 38889.29 | D35: =452.27+4482.53 -> 4934.8 | E35: 284404.84 | F35: =27074.44+182.19 -> 27256.63 | G35: =57+2752 -> 2809 | H35: 573027.84 | J35: 309681 | K35: 220181 | L35: =K35+J35 -> 529862 | M35: 302063.9 | N35: 838169 | O35: 290 | P35: =M35/O35 -> 1041.5997 | Q35: ='$'!C82 -> 6.333883 | R35: =SUM(C35:E35)/Q35 -> 51821.123 | S35: =(C35/Q35)/M35 -> 0.020326432 | T35: =D35/Q35/M35 -> 0.0025792931 | U35: =E35/Q35/M35 -> 0.1486511 | V35: =(SUM(C35:E35)/Q35)/M35 -> 0.17155682 | W35: =(N35/Q35)/M35 -> 0.43808939 | X35: =F35/M35 -> 0.090234649 | Y35: =G35/M35 -> 0.0092993569 | Z35: =H35/M35 -> 1.8970418 | AA35: =C35/F35 -> 1.4267828 | AB35: =D35/G35 -> 1.7567818 | AC35: =E35/H35 -> 0.49631941
A36: 2018 | B36: 10 | C36: 43183.96 | D36: =5340.73+503.26 -> 5843.99 | E36: 288125.74 | F36: =24787.8+333.67 -> 25121.47 | G36: =2930+62 -> 2992 | H36: 606561.48 | J36: 332141 | K36: 199716 | L36: =K36+J36 -> 531857 | M36: 326761.4 | N36: 899855 | O36: 266 | P36: =M36/O36 -> 1228.4263 | Q36: ='$'!C83 -> 5.831909 | R36: =SUM(C36:E36)/Q36 -> 57811.891 | S36: =(C36/Q36)/M36 -> 0.0226611 | T36: =D36/Q36/M36 -> 0.0030666766 | U36: =E36/Q36/M36 -> 0.15119609 | V36: =(SUM(C36:E36)/Q36)/M36 -> 0.17692387 | W36: =(N36/Q36)/M36 -> 0.47220551 | X36: =F36/M36 -> 0.076880164 | Y36: =G36/M36 -> 0.0091565283 | Z36: =H36/M36 -> 1.8562825 | AA36: =C36/F36 -> 1.7190061 | AB36: =D36/G36 -> 1.9532052 | AC36: =E36/H36 -> 0.4750149
A37: 2018 | B37: 11 | C37: 49224.01 | D37: =4824.24+543.6 -> 5367.84 | E37: 225884.14 | F37: =27824.85+732.92 -> 28557.77 | G37: =2609+63 -> 2672 | H37: 526176 | J37: 302320 | K37: 179378 | L37: =K37+J37 -> 481698 | M37: 285073.7 | N37: 753541 | O37: 261 | P37: =M37/O37 -> 1092.2364 | Q37: ='$'!C84 -> 5.374481 | R37: =SUM(C37:E37)/Q37 -> 52186.619 | S37: =(C37/Q37)/M37 -> 0.032127972 | T37: =D37/Q37/M37 -> 0.0035035303 | U37: =E37/Q37/M37 -> 0.1474321 | V37: =(SUM(C37:E37)/Q37)/M37 -> 0.1830636 | W37: =(N37/Q37)/M37 -> 0.49182795 | X37: =F37/M37 -> 0.1001768 | Y37: =G37/M37 -> 0.0093730148 | Z37: =H37/M37 -> 1.8457543 | AA37: =C37/F37 -> 1.7236643 | AB37: =D37/G37 -> 2.0089222 | AC37: =E37/H37 -> 0.42929389
A38: 2018 | B38: 12 | C38: 49265.63 | D38: =416.36+4487.99 -> 4904.35 | E38: 220034.58 | F38: =28453.43+400.46 -> 28853.89 | G38: =47+2400 -> 2447 | H38: 561284.64 | J38: 286865 | K38: 254628 | L38: =K38+J38 -> 541493 | M38: 276469.7 | N38: 928241 | O38: 269 | P38: =M38/O38 -> 1027.7684 | Q38: ='$'!C85 -> 5.309368 | R38: =SUM(C38:E38)/Q38 -> 51645.424 | S38: =(C38/Q38)/M38 -> 0.033562451 | T38: =D38/Q38/M38 -> 0.0033411124 | U38: =E38/Q38/M38 -> 0.14989963 | V38: =(SUM(C38:E38)/Q38)/M38 -> 0.1868032 | W38: =(N38/Q38)/M38 -> 0.63236872 | X38: =F38/M38 -> 0.10436547 | Y38: =G38/M38 -> 0.0088508795 | Z38: =H38/M38 -> 2.030185 | AA38: =C38/F38 -> 1.7074173 | AB38: =D38/G38 -> 2.0042297 | AC38: =E38/H38 -> 0.3920196
A39: 2019 | B39: 1 | C39: 44021.2 | D39: =366.6+4174.25 -> 4540.85 | E39: 211781.29 | F39: =25136.19+652.39 -> 25788.58 | G39: =2205+42 -> 2247 | H39: 577841.04 | J39: 307081 | K39: 194732 | L39: =K39+J39 -> 501813 | M39: 279558.3 | N39: 976129 | O39: 258 | P39: =M39/O39 -> 1083.5593 | Q39: ='$'!C86 -> 5.36303 | R39: =SUM(C39:E39)/Q39 -> 48544.077 | S39: =(C39/Q39)/M39 -> 0.029361569 | T39: =D39/Q39/M39 -> 0.003028688 | U39: =E39/Q39/M39 -> 0.14125537 | V39: =(SUM(C39:E39)/Q39)/M39 -> 0.17364563 | W39: =(N39/Q39)/M39 -> 0.65106537 | X39: =F39/M39 -> 0.092247592 | Y39: =G39/M39 -> 0.0080376794 | Z39: =H39/M39 -> 2.0669787 | AA39: =C39/F39 -> 1.7070036 | AB39: =D39/G39 -> 2.02085 | AC39: =E39/H39 -> 0.36650441
A40: 2019 | B40: 2 | C40: 54755.81 | D40: =260.81+4660.14 -> 4920.95 | E40: 275731.98 | F40: =31248.91+521.05 -> 31769.96 | G40: =30+2507 -> 2537 | H40: 622704.6 | J40: 353645 | K40: 266771 | L40: =K40+J40 -> 620416 | M40: 309256.9 | N40: 978958 | O40: 262 | P40: =M40/O40 -> 1180.3698 | Q40: ='$'!C87 -> 5.269724 | R40: =SUM(C40:E40)/Q40 -> 63648.256 | S40: =(C40/Q40)/M40 -> 0.033598736 | T40: =D40/Q40/M40 -> 0.0030195462 | U40: =E40/Q40/M40 -> 0.16919202 | V40: =(SUM(C40:E40)/Q40)/M40 -> 0.2058103 | W40: =(N40/Q40)/M40 -> 0.60069884 | X40: =F40/M40 -> 0.10273 | Y40: =G40/M40 -> 0.0082035356 | Z40: =H40/M40 -> 2.0135512 | AA40: =C40/F40 -> 1.7235089 | AB40: =D40/G40 -> 1.9396728 | AC40: =E40/H40 -> 0.4427974
A41: 2019 | B41: 3 | C41: 54710.35 | D41: =114.21+5702.72 -> 5816.93 | E41: 315018.31 | F41: =31462.42+580.91 -> 32043.33 | G41: =13+3155 -> 3168 | H41: 717338.16 | J41: 367538 | K41: 281021 | L41: =K41+J41 -> 648559 | M41: 363165.5 | N41: 1172309 | O41: 266 | P41: =M41/O41 -> 1365.2838 | Q41: ='$'!C88 -> 5.476742 | R41: =SUM(C41:E41)/Q41 -> 68570.984 | S41: =(C41/Q41)/M41 -> 0.027506962 | T41: =D41/Q41/M41 -> 0.0029246033 | U41: =E41/Q41/M41 -> 0.15838313 | V41: =(SUM(C41:E41)/Q41)/M41 -> 0.1888147 | W41: =(N41/Q41)/M41 -> 0.58940692 | X41: =F41/M41 -> 0.088233409 | Y41: =G41/M41 -> 0.0087232956 | Z41: =H41/M41 -> 1.9752376 | AA41: =C41/F41 -> 1.7073865 | AB41: =D41/G41 -> 1.8361521 | AC41: =E41/H41 -> 0.43914896
A42: 2019 | B42: 4 | C42: 42353.83 | D42: =4236.99+149.59 -> 4386.58 | E42: 266688.57 | F42: =24286.94+523.4 -> 24810.34 | G42: =2244+17 -> 2261 | H42: 699420.96 | J42: 349135 | K42: 312074 | L42: =K42+J42 -> 661209 | M42: 342350 | N42: 1282142 | O42: 261 | P42: =M42/O42 -> 1311.6858 | Q42: ='$'!C89 -> 5.764748 | R42: =SUM(C42:E42)/Q42 -> 54369.936 | S42: =(C42/Q42)/M42 -> 0.021460608 | T42: =D42/Q42/M42 -> 0.0022226721 | U42: =E42/Q42/M42 -> 0.13513061 | V42: =(SUM(C42:E42)/Q42)/M42 -> 0.15881389 | W42: =(N42/Q42)/M42 -> 0.64965901 | X42: =F42/M42 -> 0.072470688 | Y42: =G42/M42 -> 0.0066043523 | Z42: =H42/M42 -> 2.0429997 | AA42: =C42/F42 -> 1.707104 | AB42: =D42/G42 -> 1.9401061 | AC42: =E42/H42 -> 0.38129908
A43: 2019 | B43: 5 | C43: 59649.14 | D43: =4440.87+160.02 -> 4600.89 | E43: 330171.92 | F43: =34625.26+313.71 -> 34938.97 | G43: =2303+18 -> 2321 | H43: 694476.72 | J43: 377497 | K43: 260767 | L43: =K43+J43 -> 638264 | M43: 339196.3 | N43: 1248863 | O43: 253 | P43: =M43/O43 -> 1340.6968 | Q43: ='$'!C90 -> 6.044426 | R43: =SUM(C43:E43)/Q43 -> 65253.831 | S43: =(C43/Q43)/M43 -> 0.029093637 | T43: =D43/Q43/M43 -> 0.0022440663 | U43: =E43/Q43/M43 -> 0.16104007 | V43: =(SUM(C43:E43)/Q43)/M43 -> 0.19237778 | W43: =(N43/Q43)/M43 -> 0.60912809 | X43: =F43/M43 -> 0.10300516 | Y43: =G43/M43 -> 0.0068426454 | Z43: =H43/M43 -> 2.0474183 | AA43: =C43/F43 -> 1.7072381 | AB43: =D43/G43 -> 1.9822878 | AC43: =E43/H43 -> 0.47542547
A44: 2019 | B44: 6 | C44: 62316.94 | D44: =4284.79+207.93 -> 4492.72 | E44: 293445.56 | F44: =32302.79+638.86 -> 32941.65 | G44: =2206+23 -> 2229 | H44: 537833.52 | J44: 309360 | K44: 194483 | L44: =K44+J44 -> 503843 | M44: 289828.7 | N44: 1127296 | O44: 261 | P44: =M44/O44 -> 1110.4548 | Q44: ='$'!C91 -> 5.820426 | R44: =SUM(C44:E44)/Q44 -> 61894.992 | S44: =(C44/Q44)/M44 -> 0.036941112 | T44: =D44/Q44/M44 -> 0.0026632577 | U44: =E44/Q44/M44 -> 0.17395278 | V44: =(SUM(C44:E44)/Q44)/M44 -> 0.21355715 | W44: =(N44/Q44)/M44 -> 0.66825437 | X44: =F44/M44 -> 0.11365903 | Y44: =G44/M44 -> 0.0076907497 | Z44: =H44/M44 -> 1.8556945 | AA44: =C44/F44 -> 1.8917371 | AB44: =D44/G44 -> 2.0155765 | AC44: =E44/H44 -> 0.54560668
A45: 2019 | B45: 7 | C45: 62333.89 | D45: =4786.79+282.92 -> 5069.71 | E45: 339693.49 | F45: =35864.67+633.15 -> 36497.82 | G45: =31+2518 -> 2549 | H45: 702664.2 | J45: 330076 | K45: 319985 | L45: =K45+J45 -> 650061 | M45: 320102.7 | N45: 1411812 | O45: 279 | P45: =M45/O45 -> 1147.3215 | Q45: ='$'!C92 -> 5.676879 | R45: =SUM(C45:E45)/Q45 -> 71711.426 | S45: =(C45/Q45)/M45 -> 0.034302459 | T45: =D45/Q45/M45 -> 0.0027898711 | U45: =E45/Q45/M45 -> 0.18693398 | V45: =(SUM(C45:E45)/Q45)/M45 -> 0.22402631 | W45: =(N45/Q45)/M45 -> 0.77692285 | X45: =F45/M45 -> 0.11401909 | Y45: =G45/M45 -> 0.0079630694 | Z45: =H45/M45 -> 2.1951211 | AA45: =C45/F45 -> 1.7078798 | AB45: =D45/G45 -> 1.9889015 | AC45: =E45/H45 -> 0.48343646
A46: 2019 | B46: 8 | C46: 50841.68 | D46: =290.92+4897.81 -> 5188.73 | E46: 280244.48 | F46: =25161.03+924.02 -> 26085.05 | G46: =29+2587 -> 2616 | H46: 572032.44 | J46: 336274 | K46: 228933 | L46: =K46+J46 -> 565207 | M46: 311537 | N46: 1324519 | O46: 284 | P46: =M46/O46 -> 1096.9613 | Q46: ='$'!C93 -> 5.641561 | R46: =SUM(C46:E46)/Q46 -> 59606.71 | S46: =(C46/Q46)/M46 -> 0.028927505 | T46: =D46/Q46/M46 -> 0.0029522433 | U46: =E46/Q46/M46 -> 0.15945133 | V46: =(SUM(C46:E46)/Q46)/M46 -> 0.19133108 | W46: =(N46/Q46)/M46 -> 0.75361454 | X46: =F46/M46 -> 0.083730183 | Y46: =G46/M46 -> 0.0083970764 | Z46: =H46/M46 -> 1.8361621 | AA46: =C46/F46 -> 1.9490735 | AB46: =D46/G46 -> 1.9834595 | AC46: =E46/H46 -> 0.48991012
A47: 2019 | B47: 9 | C47: 56658.11 | D47: =4946.08+304.68 -> 5250.76 | E47: 272485.99 | F47: =28143.29+513.01 -> 28656.3 | G47: =2617+30 -> 2647 | H47: 603351 | J47: 313494 | K47: 265841 | L47: =K47+J47 -> 579335 | M47: 304909 | N47: 1349229 | O47: 277 | P47: =M47/O47 -> 1100.7545 | Q47: ='$'!C94 -> 5.719617 | R47: =SUM(C47:E47)/Q47 -> 58464.555 | S47: =(C47/Q47)/M47 -> 0.032488143 | T47: =D47/Q47/M47 -> 0.0030108213 | U47: =E47/Q47/M47 -> 0.15624531 | V47: =(SUM(C47:E47)/Q47)/M47 -> 0.19174427 | W47: =(N47/Q47)/M47 -> 0.77365703 | X47: =F47/M47 -> 0.093983123 | Y47: =G47/M47 -> 0.0086812787 | Z47: =H47/M47 -> 1.9787904 | AA47: =C47/F47 -> 1.9771607 | AB47: =D47/G47 -> 1.9836645 | AC47: =E47/H47 -> 0.45162101
A48: 2019 | B48: 10 | C48: 57625.73 | D48: =235.42+5734.45 -> 5969.87 | E48: 294858.11 | F48: =29007.35+413.99 -> 29421.34 | G48: =3107+23 -> 3130 | H48: 644341.32 | J48: 450190 | K48: 231377 | L48: =K48+J48 -> 681567 | M48: 424400.9 | N48: 1352117 | O48: 283 | P48: =M48/O48 -> 1499.6498 | Q48: ='$'!C95 -> 5.792574 | R48: =SUM(C48:E48)/Q48 -> 61881.594 | S48: =(C48/Q48)/M48 -> 0.023440591 | T48: =D48/Q48/M48 -> 0.0024283819 | U48: =E48/Q48/M48 -> 0.11994032 | V48: =(SUM(C48:E48)/Q48)/M48 -> 0.14580929 | W48: =(N48/Q48)/M48 -> 0.55000468 | X48: =F48/M48 -> 0.069324405 | Y48: =G48/M48 -> 0.0073751022 | Z48: =H48/M48 -> 1.5182374 | AA48: =C48/F48 -> 1.9586372 | AB48: =D48/G48 -> 1.9073067 | AC48: =E48/H48 -> 0.45761167
A49: 2019 | B49: 11 | C49: 49709.77 | D49: =5895.35+216.88 -> 6112.23 | E49: 337796.18 | F49: =24868.29+512.52 -> 25380.81 | G49: =3207+21 -> 3228 | H49: 726813.36 | L49: =72236.6+689412.9 -> 761649.5 | M49: 417692.5 | N49: 1332312 | O49: 282 | P49: =M49/O49 -> 1481.1791 | Q49: ='$'!C96 -> 5.740255 | R49: =SUM(C49:E49)/Q49 -> 68571.55 | S49: =(C49/Q49)/M49 -> 0.020732606 | T49: =D49/Q49/M49 -> 0.0025492465 | U49: =E49/Q49/M49 -> 0.14088569 | V49: =(SUM(C49:E49)/Q49)/M49 -> 0.16416754 | W49: =(N49/Q49)/M49 -> 0.55567144 | X49: =F49/M49 -> 0.060764342 | Y49: =G49/M49 -> 0.0077281732 | Z49: =H49/M49 -> 1.740068 | AA49: =C49/F49 -> 1.9585573 | AB49: =D49/G49 -> 1.8935037 | AC49: =E49/H49 -> 0.46476331
A50: 2019 | B50: 12 | C50: 36500.71 | D50: =152.64+5908.21 -> 6060.85 | E50: 338869.67 | F50: =18017.69+615.16 -> 18632.85 | G50: =20+3215 -> 3235 | H50: 752749.2 | L50: =767309.1+36869.505 -> 804178.6 | M50: 486262.2 | N50: 1351288 | O50: 295 | P50: =M50/O50 -> 1648.3464 | Q50: ='$'!C97 -> 5.853509 | R50: =SUM(C50:E50)/Q50 -> 65162.833 | S50: =(C50/Q50)/M50 -> 0.012823734 | T50: =D50/Q50/M50 -> 0.0021293484 | U50: =E50/Q50/M50 -> 0.11905452 | V50: =(SUM(C50:E50)/Q50)/M50 -> 0.13400761 | W50: =(N50/Q50)/M50 -> 0.47474579 | X50: =F50/M50 -> 0.038318524 | Y50: =G50/M50 -> 0.0066527894 | Z50: =H50/M50 -> 1.5480315 | AA50: =C50/F50 -> 1.958944 | AB50: =D50/G50 -> 1.873524 | AC50: =E50/H50 -> 0.45017606
A51: 2020 | B51: 1 | C51: 46554.96 | D51: =185.03+8173.18 -> 8358.21 | E51: 340966.83 | F51: =23250.39+513.89 -> 23764.28 | G51: =17+3340 -> 3357 | H51: 728912.52 | L51: =718758.3+1503.2+53341.8 -> 773603.3 | M51: 468377.7 | N51: 1542973 | O51: 309 | P51: =M51/O51 -> 1515.7854 | Q51: ='$'!C98 -> 5.924601 | R51: =SUM(C51:E51)/Q51 -> 66819.69 | S51: =(C51/Q51)/M51 -> 0.016776858 | T51: =D51/Q51/M51 -> 0.0030120208 | U51: =E51/Q51/M51 -> 0.1228731 | V51: =(SUM(C51:E51)/Q51)/M51 -> 0.14266198 | W51: =(N51/Q51)/M51 -> 0.55603613 | X51: =F51/M51 -> 0.050737428 | Y51: =G51/M51 -> 0.0071672926 | Z51: =H51/M51 -> 1.5562494 | AA51: =C51/F51 -> 1.9590309 | AB51: =D51/G51 -> 2.4897855 | AC51: =E51/H51 -> 0.46777469
A52: 2020 | B52: 2 | C52: 35195.26 | D52: =134.77+9333.91 -> 9468.68 | E52: 307404.22 | F52: =17113.51+850.8 -> 17964.31 | G52: =3854+12 -> 3866 | H52: 641050.2 | J52: 315447 | K52: 206272 | L52: =K52+J52 -> 521719 | M52: 323684.4 | N52: 1497458 | O52: 309 | P52: =M52/O52 -> 1047.5223 | Q52: ='$'!C99 -> 6.057833 | R52: =SUM(C52:E52)/Q52 -> 58117.839 | S52: =(C52/Q52)/M52 -> 0.017949201 | T52: =D52/Q52/M52 -> 0.004828924 | U52: =E52/Q52/M52 -> 0.15677282 | V52: =(SUM(C52:E52)/Q52)/M52 -> 0.17955094 | W52: =(N52/Q52)/M52 -> 0.76368733 | X52: =F52/M52 -> 0.055499462 | Y52: =G52/M52 -> 0.011943733 | Z52: =H52/M52 -> 1.9804791 | AA52: =C52/F52 -> 1.9591768 | AB52: =D52/G52 -> 2.4492188 | AC52: =E52/H52 -> 0.47953221
A53: 2020 | B53: 3 | C53: 30739.58 | D53: =155.58+7557.58 -> 7713.16 | E53: 275663.1 | F53: =15087.36+600.52 -> 15687.88 | G53: =3587+14 -> 3601 | H53: 604933.56 | J53: 302876 | K53: 215896 | L53: =K53+J53 -> 518772 | M53: 291846.6 | N53: 1391838 | O53: 294 | P53: =M53/O53 -> 992.67551 | Q53: ='$'!C100 -> 6.335075 | R53: =SUM(C53:E53)/Q53 -> 49583.602 | S53: =(C53/Q53)/M53 -> 0.016626144 | T53: =D53/Q53/M53 -> 0.0041718236 | U53: =E53/Q53/M53 -> 0.14909814 | V53: =(SUM(C53:E53)/Q53)/M53 -> 0.16989611 | W53: =(N53/Q53)/M53 -> 0.75280465 | X53: =F53/M53 -> 0.053753856 | Y53: =G53/M53 -> 0.012338674 | Z53: =H53/M53 -> 2.0727792 | AA53: =C53/F53 -> 1.9594477 | AB53: =D53/G53 -> 2.1419495 | AC53: =E53/H53 -> 0.45569153
A54: 2020 | B54: 4 | C54: 14034.33 | D54: =111.44+6558.47 -> 6669.91 | E54: 225978.59 | F54: =6522.46+610.04 -> 7132.5 | G54: =3052+10 -> 3062 | H54: 362895.12 | J54: 125763 | K54: 174094 | L54: =K54+J54 -> 299857 | M54: 115559.2 | N54: 1011053 | O54: 270 | P54: =M54/O54 -> 427.99704 | Q54: ='$'!C101 -> 6.839434 | R54: =SUM(C54:E54)/Q54 -> 36067.726 | S54: =(C54/Q54)/M54 -> 0.017756894 | T54: =D54/Q54/M54 -> 0.0084390835 | U54: =E54/Q54/M54 -> 0.28591873 | V54: =(SUM(C54:E54)/Q54)/M54 -> 0.31211471 | W54: =(N54/Q54)/M54 -> 1.2792318 | X54: =F54/M54 -> 0.061721611 | Y54: =G54/M54 -> 0.026497241 | Z54: =H54/M54 -> 3.1403395 | AA54: =C54/F54 -> 1.9676593 | AB54: =D54/G54 -> 2.1782854 | AC54: =E54/H54 -> 0.62271047
A55: 2020 | B55: 5 | C55: 10337.78 | D55: =156.63+5327.64 -> 5484.27 | E55: 217161.23 | F55: =4970.55+304.8 -> 5275.35 | G55: =14+2407 -> 2421 | H55: 380313.36 | J55: 198420 | K55: 174508 | L55: =K55+J55 -> 372928 | M55: 206689.2 | N55: 1046743 | O55: 268 | P55: =M55/O55 -> 771.22836 | Q55: ='$'!C102 -> 6.931656 | R55: =SUM(C55:E55)/Q55 -> 33611.489 | S55: =(C55/Q55)/M55 -> 0.0072156008 | T55: =D55/Q55/M55 -> 0.0038279305 | U55: =E55/Q55/M55 -> 0.15157498 | V55: =(SUM(C55:E55)/Q55)/M55 -> 0.16261851 | W55: =(N55/Q55)/M55 -> 0.73060944 | X55: =F55/M55 -> 0.025523104 | Y55: =G55/M55 -> 0.011713239 | Z55: =H55/M55 -> 1.8400253 | AA55: =C55/F55 -> 1.9596387 | AB55: =D55/G55 -> 2.2652912 | AC55: =E55/H55 -> 0.57100605
A56: 2020 | B56: 6 | C56: 9551.8 | D56: =185.04+7972.22 -> 8157.26 | E56: 283140.63 | F56: =4641.44+232.38 -> 4873.82 | G56: =16+3173 -> 3189 | H56: 505073.52 | J56: 297155 | K56: 157535 | L56: =K56+J56 -> 454690 | M56: 263372.8 | N56: 1159386 | O56: 265 | P56: =M56/O56 -> 993.85962 | Q56: ='$'!C103 -> 6.816762 | R56: =SUM(C56:E56)/Q56 -> 44133.812 | S56: =(C56/Q56)/M56 -> 0.0053203006 | T56: =D56/Q56/M56 -> 0.0045435494 | U56: =E56/Q56/M56 -> 0.15770779 | V56: =(SUM(C56:E56)/Q56)/M56 -> 0.16757164 | W56: =(N56/Q56)/M56 -> 0.64577169 | X56: =F56/M56 -> 0.018505404 | Y56: =G56/M56 -> 0.012108312 | Z56: =H56/M56 -> 1.9177133 | AA56: =C56/F56 -> 1.959818 | AB56: =D56/G56 -> 2.5579367 | AC56: =E56/H56 -> 0.5605929
A57: 2020 | B57: 7 | C57: 12144.48 | D57: =7313.12+285.83 -> 7598.95 | E57: 299633.33 | F57: =6596.79+221.68 -> 6818.47 | G57: =3052+25 -> 3077 | H57: 616868.28 | J57: 330467 | K57: 264816 | L57: =K57+J57 -> 595283 | M57: 357552.1 | N57: 1065113 | O57: 276 | P57: =M57/O57 -> 1295.4786 | Q57: ='$'!C104 -> 6.867708 | R57: =SUM(C57:E57)/Q57 -> 46504.126 | S57: =(C57/Q57)/M57 -> 0.0049457 | T57: =D57/Q57/M57 -> 0.0030945851 | U57: =E57/Q57/M57 -> 0.12202223 | V57: =(SUM(C57:E57)/Q57)/M57 -> 0.13006252 | W57: =(N57/Q57)/M57 -> 0.43375504 | X57: =F57/M57 -> 0.019069864 | Y57: =G57/M57 -> 0.0086057389 | Z57: =H57/M57 -> 1.7252542 | AA57: =C57/F57 -> 1.7811151 | AB57: =D57/G57 -> 2.469597 | AC57: =E57/H57 -> 0.48573308
A58: 2020 | B58: 8 | C58: 17054.61 | D58: =9317.06+304.42 -> 9621.48 | E58: 344939.16 | F58: =9468.92+137.43 -> 9606.35 | G58: =3609.9+26 -> 3635.9 | H58: 667963.8 | J58: 597926 | K58: 162237 | L58: =K58+J58 -> 760163 | M58: 488282.8 | N58: 1611568 | O58: 282 | P58: =M58/O58 -> 1731.4993 | Q58: ='$'!C105 -> 7.26562 | R58: =SUM(C58:E58)/Q58 -> 51147.08 | S58: =(C58/Q58)/M58 -> 0.0048072608 | T58: =D58/Q58/M58 -> 0.0027120505 | U58: =E58/Q58/M58 -> 0.097229577 | V58: =(SUM(C58:E58)/Q58)/M58 -> 0.10474889 | W58: =(N58/Q58)/M58 -> 0.45426003 | X58: =F58/M58 -> 0.019673742 | Y58: =G58/M58 -> 0.0074462996 | Z58: =H58/M58 -> 1.3679855 | AA58: =C58/F58 -> 1.7753476 | AB58: =D58/G58 -> 2.6462444 | AC58: =E58/H58 -> 0.51640397
A59: 2020 | B59: 9 | C59: 17245.47 | D59: =8261.29+341.14 -> 8602.43 | E59: 315666.5 | F59: =9498.56+214.6 -> 9713.16 | G59: =3500+29 -> 3529 | H59: 627308.64 | J59: 753508 | K59: 76822 | L59: =K59+J59 -> 830330 | M59: 566583.3 | N59: 1654453 | O59: 306 | P59: =M59/O59 -> 1851.5794 | Q59: ='$'!C106 -> 7.537593 | R59: =SUM(C59:E59)/Q59 -> 45308.151 | S59: =(C59/Q59)/M59 -> 0.0040381141 | T59: =D59/Q59/M59 -> 0.0020143025 | U59: =E59/Q59/M59 -> 0.073914908 | V59: =(SUM(C59:E59)/Q59)/M59 -> 0.079967325 | W59: =(N59/Q59)/M59 -> 0.38739854 | X59: =F59/M59 -> 0.017143393 | Y59: =G59/M59 -> 0.0062285634 | Z59: =H59/M59 -> 1.1071781 | AA59: =C59/F59 -> 1.7754747 | AB59: =D59/G59 -> 2.4376396 | AC59: =E59/H59 -> 0.50320764
A60: 2020 | B60: 10 | C60: 16330.87 | D60: =7563.15+320.62 -> 7883.77 | E60: 388036.14 | F60: =9140.55+56.52 -> 9197.07 | G60: =3120+27 -> 3147 | H60: 715758.12 | J60: 801846 | K60: 45829 | L60: =K60+J60 -> 847675 | M60: 575992.5 | N60: 1778340 | O60: 322 | P60: =M60/O60 -> 1788.7966 | Q60: ='$'!C107 -> 7.930235 | R60: =SUM(C60:E60)/Q60 -> 51984.686 | S60: =(C60/Q60)/M60 -> 0.0035752502 | T60: =D60/Q60/M60 -> 0.0017259613 | U60: =E60/Q60/M60 -> 0.084951155 | V60: =(SUM(C60:E60)/Q60)/M60 -> 0.090252367 | W60: =(N60/Q60)/M60 -> 0.38932466 | X60: =F60/M60 -> 0.015967343 | Y60: =G60/M60 -> 0.0054636128 | Z60: =H60/M60 -> 1.2426518 | AA60: =C60/F60 -> 1.7756601 | AB60: =D60/G60 -> 2.50517 | AC60: =E60/H60 -> 0.54213306
A61: 2020 | B61: 11 | C61: 18851.29 | D61: =7190.89+261.5 -> 7452.39 | E61: 356354.06 | F61: =10202.72+412.55 -> 10615.27 | G61: =3074+22 -> 3096 | H61: 717060.96 | J61: 824699 | K61: 33661 | L61: =K61+J61 -> 858360 | M61: 405126.3 | N61: 1570343 | O61: 372 | P61: =M61/O61 -> 1089.0492 | Q61: ='$'!C108 -> 7.983238 | R61: =SUM(C61:E61)/Q61 -> 47932.648 | S61: =(C61/Q61)/M61 -> 0.0058286981 | T61: =D61/Q61/M61 -> 0.0023042312 | U61: =E61/Q61/M61 -> 0.11018239 | V61: =(SUM(C61:E61)/Q61)/M61 -> 0.11831532 | W61: =(N61/Q61)/M61 -> 0.48553999 | X61: =F61/M61 -> 0.026202372 | Y61: =G61/M61 -> 0.0076420613 | Z61: =H61/M61 -> 1.7699689 | AA61: =C61/F61 -> 1.7758653 | AB61: =D61/G61 -> 2.4071027 | AC61: =E61/H61 -> 0.4969648
A62: 2020 | B62: 12 | C62: 17754.3 | D62: =8377.84+293.55 -> 8671.39 | E62: 373037.11 | F62: =9755.28+239.63 -> 9994.91 | G62: =3473+24 -> 3497 | H62: 756027.72 | J62: 875189 | K62: 13607 | L62: =K62+J62 -> 888796 | M62: 567946.1 | N62: 1721395 | O62: 368 | P62: =M62/O62 -> 1543.3318 | Q62: ='$'!C109 -> 7.718763 | R62: =SUM(C62:E62)/Q62 -> 51752.178 | S62: =(C62/Q62)/M62 -> 0.0040499413 | T62: =D62/Q62/M62 -> 0.0019780346 | U62: =E62/Q62/M62 -> 0.085093661 | V62: =(SUM(C62:E62)/Q62)/M62 -> 0.091121637 | W62: =(N62/Q62)/M62 -> 0.39266818 | X62: =F62/M62 -> 0.017598343 | Y62: =G62/M62 -> 0.0061572744 | Z62: =H62/M62 -> 1.331161 | AA62: =C62/F62 -> 1.7763342 | AB62: =D62/G62 -> 2.4796654 | AC62: =E62/H62 -> 0.49341724
A63: 2021 | B63: 1 | C63: 17133.36 | D63: =8697.35+252.56 -> 8949.91 | E63: 380073.65 | F63: 9661.91 | G63: =3040+20 -> 3060 | H63: 738717.84 | J63: 810187 | K63: 289 | L63: =K63+J63 -> 810476 | M63: 534226.9 | N63: 2243372 | O63: 375 | P63: =M63/O63 -> 1424.6051 | Q63: ='$'!C110 -> 7.403641 | R63: =SUM(C63:E63)/Q63 -> 54859.078 | S63: =(C63/Q63)/M63 -> 0.0043318303 | T63: =D63/Q63/M63 -> 0.0022628073 | U63: =E63/Q63/M63 -> 0.096094085 | V63: =(SUM(C63:E63)/Q63)/M63 -> 0.10268872 | W63: =(N63/Q63)/M63 -> 0.56719212 | X63: =F63/M63 -> 0.01808578 | Y63: =G63/M63 -> 0.0057279033 | Z63: =H63/M63 -> 1.3827792 | AA63: =C63/F63 -> 1.7732891 | AB63: =D63/G63 -> 2.9248072 | AC63: =E63/H63 -> 0.5145045
A64: 2021 | B64: 2 | C64: 13506.94 | D64: =8078.32+126.45 -> 8204.77 | E64: 338638.69 | F64: 7542.37 | G64: =2926+10 -> 2936 | H64: 635589.36 | J64: 716202 | K64: 0 | L64: =K64+J64 -> 716202 | M64: 370301.9 | N64: 1975487 | O64: 374 | P64: =M64/O64 -> 990.11203 | Q64: ='$'!C111 -> 7.099851 | R64: =SUM(C64:E64)/Q64 -> 50754.643 | S64: =(C64/Q64)/M64 -> 0.0051374995 | T64: =D64/Q64/M64 -> 0.0031207662 | U64: =E64/Q64/M64 -> 0.12880461 | V64: =(SUM(C64:E64)/Q64)/M64 -> 0.13706287 | W64: =(N64/Q64)/M64 -> 0.75139621 | X64: =F64/M64 -> 0.020368164 | Y64: =G64/M64 -> 0.0079286658 | Z64: =H64/M64 -> 1.7164086 | AA64: =C64/F64 -> 1.7908085 | AB64: =D64/G64 -> 2.7945402 | AC64: =E64/H64 -> 0.53279477
A65: 2021 | B65: 3 | C65: 20029.33 | D65: =5996.52+206.12 -> 6202.64 | E65: 432981.22 | F65: 11074.47 | G65: =1934+16 -> 1950 | H65: 747260.64 | J65: 400682 | K65: 364089 | L65: =K65+J65 -> 764771 | M65: 427179 | N65: 2154108 | O65: 371 | P65: =M65/O65 -> 1151.4259 | Q65: ='$'!C112 -> 7.64142 | R65: =SUM(C65:E65)/Q65 -> 60095.269 | S65: =(C65/Q65)/M65 -> 0.0061359591 | T65: =D65/Q65/M65 -> 0.0019001707 | U65: =E65/Q65/M65 -> 0.13264323 | V65: =(SUM(C65:E65)/Q65)/M65 -> 0.14067936 | W65: =(N65/Q65)/M65 -> 0.65990817 | X65: =F65/M65 -> 0.025924659 | Y65: =G65/M65 -> 0.0045648311 | Z65: =H65/M65 -> 1.7492916 | AA65: =C65/F65 -> 1.8086039 | AB65: =D65/G65 -> 3.180841 | AC65: =E65/H65 -> 0.57942463
A66: 2021 | B66: 4 | C66: 17806.64 | D66: =7117.87+116.5 -> 7234.37 | E66: 369060.12 | F66: 9588.08 | G66: =2481+9 -> 2490 | H66: 634311.72 | J66: 318976 | K66: 430335 | L66: =K66+J66 -> 749311 | M66: 368481.9 | N66: 2073478 | O66: 374 | P66: =M66/O66 -> 985.24572 | Q66: ='$'!C113 -> 8.183046 | R66: =SUM(C66:E66)/Q66 -> 48160.689 | S66: =(C66/Q66)/M66 -> 0.0059054205 | T66: =D66/Q66/M66 -> 0.0023992172 | U66: =E66/Q66/M66 -> 0.12239565 | V66: =(SUM(C66:E66)/Q66)/M66 -> 0.13070028 | W66: =(N66/Q66)/M66 -> 0.68765132 | X66: =F66/M66 -> 0.026020491 | Y66: =G66/M66 -> 0.0067574554 | Z66: =H66/M66 -> 1.7214189 | AA66: =C66/F66 -> 1.8571643 | AB66: =D66/G66 -> 2.9053695 | AC66: =E66/H66 -> 0.58182769
A67: 2021 | B67: 5 | C67: 17026.89 | D67: =6567.79+393.79 -> 6961.58 | E67: 405593.68 | F67: 9231.63 | G67: =2175+30 -> 2205 | H67: 601302.24 | J67: 263514 | K67: 408901 | L67: =K67+J67 -> 672415 | M67: 312747.8 | N67: 2235877 | O67: 368 | P67: =M67/O67 -> 849.85815 | Q67: ='$'!C114 -> 8.384721 | R67: =SUM(C67:E67)/Q67 -> 51233.923 | S67: =(C67/Q67)/M67 -> 0.0064931054 | T67: =D67/Q67/M67 -> 0.002654758 | U67: =E67/Q67/M67 -> 0.15467079 | V67: =(SUM(C67:E67)/Q67)/M67 -> 0.16381865 | W67: =(N67/Q67)/M67 -> 0.85263868 | X67: =F67/M67 -> 0.02951781 | Y67: =G67/M67 -> 0.0070504093 | Z67: =H67/M67 -> 1.9226426 | AA67: =C67/F67 -> 1.8444078 | AB67: =D67/G67 -> 3.1571791 | AC67: =E67/H67 -> 0.67452548
A68: 2021 | B68: 6 | C68: 14492.24 | D68: =6599.45+319.32 -> 6918.77 | E68: 392610.66 | F68: 7780.04 | G68: =2205+24 -> 2229 | H68: 583624.44 | J68: 245479 | K68: 438748 | L68: =K68+J68 -> 684227 | M68: 288386.6 | N68: 1921974 | O68: 364 | P68: =M68/O68 -> 792.27088 | Q68: ='$'!C115 -> 8.631709 | R68: =SUM(C68:E68)/Q68 -> 47965.202 | S68: =(C68/Q68)/M68 -> 0.0058218854 | T68: =D68/Q68/M68 -> 0.0027794382 | U68: =E68/Q68/M68 -> 0.15772125 | V68: =(SUM(C68:E68)/Q68)/M68 -> 0.16632258 | W68: =(N68/Q68)/M68 -> 0.77210371 | X68: =F68/M68 -> 0.026977814 | Y68: =G68/M68 -> 0.0077292079 | Z68: =H68/M68 -> 2.0237571 | AA68: =C68/F68 -> 1.8627462 | AB68: =D68/G68 -> 3.1039794 | AC68: =E68/H68 -> 0.67271114
A69: 2021 | B69: 7 | C69: 12918.09 | D69: =7111.05+308.87 -> 7419.92 | E69: 405083.59 | F69: 5805.45 | G69: =2414+23 -> 2437 | H69: 521607.24 | J69: 258394 | K69: 330979 | L69: =K69+J69 -> 589373 | M69: 286930.3 | N69: 2033828 | O69: 351 | P69: =M69/O69 -> 817.46524 | Q69: ='$'!C116 -> 8.605101 | R69: =SUM(C69:E69)/Q69 -> 49438.304 | S69: =(C69/Q69)/M69 -> 0.0052319781 | T69: =D69/Q69/M69 -> 0.0030051547 | U69: =E69/Q69/M69 -> 0.16406361 | V69: =(SUM(C69:E69)/Q69)/M69 -> 0.17230074 | W69: =(N69/Q69)/M69 -> 0.82372422 | X69: =F69/M69 -> 0.020232962 | Y69: =G69/M69 -> 0.0084933519 | Z69: =H69/M69 -> 1.8178883 | AA69: =C69/F69 -> 2.225166 | AB69: =D69/G69 -> 3.0446943 | AC69: =E69/H69 -> 0.77660653
A70: 2021 | B70: 8 | C70: 15404.5 | D70: =7592.23+178.44 -> 7770.67 | E70: 436099.83 | F70: 6921.36 | G70: =2555+13 -> 2568 | H70: 529608.24 | J70: 299277 | K70: 260626 | L70: =K70+J70 -> 559903 | M70: 314870.4 | N70: 2080371 | O70: 324 | P70: =M70/O70 -> 971.82222 | Q70: ='$'!C117 -> 8.484798 | R70: =SUM(C70:E70)/Q70 -> 54129.161 | S70: =(C70/Q70)/M70 -> 0.005765995 | T70: =D70/Q70/M70 -> 0.0029086075 | U70: =E70/Q70/M70 -> 0.16323473 | V70: =(SUM(C70:E70)/Q70)/M70 -> 0.17190934 | W70: =(N70/Q70)/M70 -> 0.77869511 | X70: =F70/M70 -> 0.021981615 | Y70: =G70/M70 -> 0.0081557365 | Z70: =H70/M70 -> 1.681988 | AA70: =C70/F70 -> 2.2256464 | AB70: =D70/G70 -> 3.0259618 | AC70: =E70/H70 -> 0.82343853
A71: 2021 | B71: 9 | C71: 19015.3 | D71: =7885.56+237.87 -> 8123.43 | E71: 383488.9 | F71: 7450.9 | G71: =2629+17 -> 2646 | H71: 522935.28 | J71: 312785 | K71: 300556 | L71: =K71+J71 -> 613341 | M71: 343181.8 | N71: 1777242 | O71: 311 | P71: =M71/O71 -> 1103.4785 | Q71: ='$'!C118 -> 8.554109 | R71: =SUM(C71:E71)/Q71 -> 48003.554 | S71: =(C71/Q71)/M71 -> 0.0064774513 | T71: =D71/Q71/M71 -> 0.0027671991 | U71: =E71/Q71/M71 -> 0.13063326 | V71: =(SUM(C71:E71)/Q71)/M71 -> 0.13987791 | W71: =(N71/Q71)/M71 -> 0.60540714 | X71: =F71/M71 -> 0.021711233 | Y71: =G71/M71 -> 0.0077101991 | Z71: =H71/M71 -> 1.523785 | AA71: =C71/F71 -> 2.552081 | AB71: =D71/G71 -> 3.0700794 | AC71: =E71/H71 -> 0.73333912
A72: 2021 | B72: 10 | C72: 17671.23 | D72: =7742.29+198.05 -> 7940.34 | E72: 510149.98 | F72: 6036.81 | G72: =2552+14 -> 2566 | H72: 545824.44 | J72: 286577 | K72: 300070 | L72: =K72+J72 -> 586647 | M72: 336029.6 | N72: 1973154 | O72: 324 | P72: =M72/O72 -> 1037.1284 | Q72: ='$'!C119 -> 9.219938 | R72: =SUM(C72:E72)/Q72 -> 58109.019 | S72: =(C72/Q72)/M72 -> 0.00570376 | T72: =D72/Q72/M72 -> 0.0025629112 | U72: =E72/Q72/M72 -> 0.1646616 | V72: =(SUM(C72:E72)/Q72)/M72 -> 0.17292827 | W72: =(N72/Q72)/M72 -> 0.63687683 | X72: =F72/M72 -> 0.017965114 | Y72: =G72/M72 -> 0.007636232 | Z72: =H72/M72 -> 1.6243344 | AA72: =C72/F72 -> 2.9272463 | AB72: =D72/G72 -> 3.0944427 | AC72: =E72/H72 -> 0.93464115
A73: 2021 | B73: 11 | C73: 22387.89 | D73: =6884.3+286.01 -> 7170.31 | E73: 529093.18 | F73: 5184.04 | G73: =2145+17 -> 2162 | H73: 492430.68 | J73: 261256 | K73: 360539 | L73: =K73+J73 -> 621795 | M73: 280215.2 | N73: 2047338 | O73: 349 | P73: =M73/O73 -> 802.90888 | Q73: ='$'!C120 -> 10.680956 | R73: =SUM(C73:E73)/Q73 -> 52303.5 | S73: =(C73/Q73)/M73 -> 0.0074801679 | T73: =D73/Q73/M73 -> 0.0023957203 | U73: =E73/Q73/M73 -> 0.17677887 | V73: =(SUM(C73:E73)/Q73)/M73 -> 0.18665476 | W73: =(N73/Q73)/M73 -> 0.68404982 | X73: =F73/M73 -> 0.01850021 | Y73: =G73/M73 -> 0.0077154987 | Z73: =H73/M73 -> 1.7573304 | AA73: =C73/F73 -> 4.3186183 | AB73: =D73/G73 -> 3.3165171 | AC73: =E73/H73 -> 1.0744521
A74: 2021 | B74: 12 | C74: 3263.02 | D74: =6002.55+230.14 -> 6232.69 | E74: 688091.57 | F74: 630.87 | G74: =1894+12 -> 1906 | H74: 531911.52 | J74: 213294 | K74: 411091 | L74: =K74+J74 -> 624385 | M74: 258649 | N74: 1467938 | O74: 275 | P74: =M74/O74 -> 940.54182 | Q74: ='$'!C121 -> 13.466856 | R74: =SUM(C74:E74)/Q74 -> 51800.307 | S74: =(C74/Q74)/M74 -> 0.00093679101 | T74: =D74/Q74/M74 -> 0.0017893632 | U74: =E74/Q74/M74 -> 0.19754644 | V74: =(SUM(C74:E74)/Q74)/M74 -> 0.2002726 | W74: =(N74/Q74)/M74 -> 0.42143509 | X74: =F74/M74 -> 0.002439097 | Y74: =G74/M74 -> 0.00736906 | Z74: =H74/M74 -> 2.0564994 | AA74: =C74/F74 -> 5.1722542 | AB74: =D74/G74 -> 3.2700367 | AC74: =E74/H74 -> 1.2936204
A75: 2022 | B75: 1 | D75: =6002.55 -> 6002.55 | E75: 840395.23 | G75: =1606 -> 1606 | H75: 532539 | J75: 241894 | K75: 296253 | L75: =K75+J75 -> 538147 | M75: 280721.4 | N75: 2234931 | O75: 288 | P75: =M75/O75 -> 974.72708 | Q75: ='$'!C122 -> 13.535066 | R75: =SUM(C75:E75)/Q75 -> 62533.702 | S75: =(C75/Q75)/M75 -> 0 | T75: =D75/Q75/M75 -> 0.0015797919 | U75: =E75/Q75/M75 -> 0.22118093 | V75: =(SUM(C75:E75)/Q75)/M75 -> 0.22276072 | W75: =(N75/Q75)/M75 -> 0.58820433 | Y75: =G75/M75 -> 0.0057209746 | Z75: =H75/M75 -> 1.8970374 | AB75: =D75/G75 -> 3.7375778 | AC75: =E75/H75 -> 1.5780914
A76: 2022 | B76: 2 | D76: =10093.34 -> 10093.34 | E76: 946629.57 | G76: =1956 -> 1956 | H76: 528219.72 | J76: 242427 | K76: 284762 | L76: =K76+J76 -> 527189 | M76: 268405.1 | N76: 2001075 | O76: 286 | P76: =M76/O76 -> 938.47937 | Q76: ='$'!C123 -> 13.629202 | R76: =SUM(C76:E76)/Q76 -> 70196.546 | S76: =(C76/Q76)/M76 -> 0 | T76: =D76/Q76/M76 -> 0.0027591398 | U76: =E76/Q76/M76 -> 0.25877295 | V76: =(SUM(C76:E76)/Q76)/M76 -> 0.26153209 | W76: =(N76/Q76)/M76 -> 0.5470187 | Y76: =G76/M76 -> 0.0072874919 | Z76: =H76/M76 -> 1.9679943 | AB76: =D76/G76 -> 5.1601943 | AC76: =E76/H76 -> 1.7921133
A77: 2022 | B77: 3 | D77: 10907.9 | E77: 1175492.4 | G77: =2143 -> 2143 | H77: 568554.84 | J77: 233956 | K77: 442043 | L77: =K77+J77 -> 675999 | M77: 249688.3 | N77: 2422787 | O77: 292 | P77: =M77/O77 -> 855.09692 | Q77: ='$'!C124 -> 14.600894 | R77: =SUM(C77:E77)/Q77 -> 81255.318 | S77: =(C77/Q77)/M77 -> 0 | T77: =D77/Q77/M77 -> 0.0029920132 | U77: =E77/Q77/M77 -> 0.322435 | V77: =(SUM(C77:E77)/Q77)/M77 -> 0.32542702 | W77: =(N77/Q77)/M77 -> 0.6645652 | Y77: =G77/M77 -> 0.0085827009 | Z77: =H77/M77 -> 2.2770584 | AB77: =D77/G77 -> 5.090014 | AC77: =E77/H77 -> 2.0675092
A78: 2022 | B78: 4 | D78: =9111.8 -> 9111.8 | E78: 1174351.6 | G78: =1583 -> 1583 | H78: 509082.84 | J78: 230932 | K78: 302790 | L78: =K78+J78 -> 533722 | M78: 256222.8 | N78: 1665510 | O78: 275 | P78: =M78/O78 -> 931.71927 | Q78: ='$'!C125 -> 14.709928 | R78: =SUM(C78:E78)/Q78 -> 80453.379 | S78: =(C78/Q78)/M78 -> 0 | T78: =D78/Q78/M78 -> 0.0024175522 | U78: =E78/Q78/M78 -> 0.31158018 | V78: =(SUM(C78:E78)/Q78)/M78 -> 0.31399773 | W78: =(N78/Q78)/M78 -> 0.44189483 | Y78: =G78/M78 -> 0.0061782168 | Z78: =H78/M78 -> 1.9868756 | AB78: =D78/G78 -> 5.7560328 | AC78: =E78/H78 -> 2.3067987
A79: 2022 | B79: 5 | D79: =12492.97+482.05 -> 12975.02 | E79: 1066095.3 | G79: =1058+11 -> 1069 | H79: 450371.88 | J79: 181890 | K79: 203788 | L79: =K79+J79 -> 385678 | M79: 176788.67 | N79: 2023816 | O79: 249 | P79: =M79/O79 -> 709.99465 | Q79: ='$'!C126 -> 15.570749 | R79: =SUM(C79:E79)/Q79 -> 69301.119 | S79: =(C79/Q79)/M79 -> 0 | T79: =D79/Q79/M79 -> 0.0047135065 | U79: =E79/Q79/M79 -> 0.38728627 | V79: =(SUM(C79:E79)/Q79)/M79 -> 0.39199978 | W79: =(N79/Q79)/M79 -> 0.73520271 | Y79: =G79/M79 -> 0.0060467677 | Z79: =H79/M79 -> 2.5475155 | AB79: =D79/G79 -> 12.13753 | AC79: =E79/H79 -> 2.3671445
A80: 2022 | B80: 6 | D80: =10989.38+535.02 -> 11524.4 | E80: 1402057.7 | G80: =1200+17 -> 1217 | H80: 479979.36 | J80: 192351 | K80: 266830 | L80: =K80+J80 -> 459181 | M80: 192351.1 | N80: 1752569 | O80: 259 | P80: =M80/O80 -> 742.66834 | Q80: ='$'!C127 -> 16.965875 | R80: =SUM(C80:E80)/Q80 -> 83319.141 | S80: =(C80/Q80)/M80 -> 0 | T80: =D80/Q80/M80 -> 0.0035314039 | U80: =E80/Q80/M80 -> 0.42963036 | V80: =(SUM(C80:E80)/Q80)/M80 -> 0.43316176 | W80: =(N80/Q80)/M80 -> 0.53703698 | Y80: =G80/M80 -> 0.0063269719 | Z80: =H80/M80 -> 2.4953294 | AB80: =D80/G80 -> 9.4695152 | AC80: =E80/H80 -> 2.9210792
A81: 2022 | B81: 7 | D81: =11582.63+254.66 -> 11837.29 | E81: 1386242.1 | G81: =1338+9 -> 1347 | H81: 463622.04 | J81: 167973 | K81: 222984 | L81: =K81+J81 -> 390957 | M81: 167973.14 | N81: 2724944 | O81: 234 | P81: =M81/O81 -> 717.83395 | Q81: ='$'!C128 -> 17.410362 | R81: =SUM(C81:E81)/Q81 -> 80301.567 | S81: =(C81/Q81)/M81 -> 0 | T81: =D81/Q81/M81 -> 0.0040476657 | U81: =E81/Q81/M81 -> 0.47401427 | V81: =(SUM(C81:E81)/Q81)/M81 -> 0.47806194 | W81: =(N81/Q81)/M81 -> 0.93177258 | Y81: =G81/M81 -> 0.008019139 | Z81: =H81/M81 -> 2.7600962 | AB81: =D81/G81 -> 8.7878916 | AC81: =E81/H81 -> 2.9900262
A82: 2022 | B82: 8 | D82: =13164.95+122.32 -> 13287.27 | E82: 1806304.5 | G82: =1631+3 -> 1634 | H82: 478646.28 | L82: 482736 | M82: 210020.3 | N82: 2556400 | O82: 233 | P82: =M82/O82 -> 901.37466 | Q82: ='$'!C129 -> 18.018529 | R82: =SUM(C82:E82)/Q82 -> 100984.48 | S82: =(C82/Q82)/M82 -> 0 | T82: =D82/Q82/M82 -> 0.0035111967 | U82: =E82/Q82/M82 -> 0.4773208 | V82: =(SUM(C82:E82)/Q82)/M82 -> 0.480832 | W82: =(N82/Q82)/M82 -> 0.67553555 | Y82: =G82/M82 -> 0.0077802004 | Z82: =H82/M82 -> 2.2790477 | AB82: =D82/G82 -> 8.1317442 | AC82: =E82/H82 -> 3.7737773
A83: 2022 | B83: 9 | D83: =13135.8+89.49 -> 13225.29 | E83: 2048311.6 | G83: =1561+3 -> 1564 | H83: 436675.68 | L83: 457164 | M83: 184770 | N83: 2355362 | O83: 235 | P83: =M83/O83 -> 786.25532 | Q83: ='$'!C130 -> 18.301932 | R83: =SUM(C83:E83)/Q83 -> 112640.39 | S83: =(C83/Q83)/M83 -> 0 | T83: =D83/Q83/M83 -> 0.0039109009 | U83: =E83/Q83/M83 -> 0.60571401 | V83: =(SUM(C83:E83)/Q83)/M83 -> 0.60962491 | W83: =(N83/Q83)/M83 -> 0.69651307 | Y83: =G83/M83 -> 0.0084645776 | Z83: =H83/M83 -> 2.3633473 | AB83: =D83/G83 -> 8.4560678 | AC83: =E83/H83 -> 4.690693
A84: 2022 | B84: 10 | D84: =14431.35+171.45 -> 14602.8 | E84: 1870599 | G84: =1302+4 -> 1306 | H84: 436675.68 | L84: 362856.46 | M84: 142012.41 | N84: 2721428 | O84: 243 | P84: =M84/O84 -> 584.41321 | Q84: ='$'!C131 -> 18.578678 | R84: =SUM(C84:E84)/Q84 -> 101471.26 | S84: =(C84/Q84)/M84 -> 0 | T84: =D84/Q84/M84 -> 0.0055347121 | U84: =E84/Q84/M84 -> 0.70898916 | V84: =(SUM(C84:E84)/Q84)/M84 -> 0.71452388 | W84: =(N84/Q84)/M84 -> 1.031468 | Y84: =G84/M84 -> 0.0091963794 | Z84: =H84/M84 -> 3.0749121 | AB84: =D84/G84 -> 11.181317 | AC84: =E84/H84 -> 4.2837261
A85: 2022 | B85: 11 | D85: 18246.84 | E85: 2119076.3 | G85: =1781 -> 1781 | H85: 491193.36 | L85: 429420 | M85: 204419 | N85: 2848939 | O85: 241 | P85: =M85/O85 -> 848.21162 | Q85: ='$'!C132 -> 18.598286 | R85: =SUM(C85:E85)/Q85 -> 114920.44 | S85: =(C85/Q85)/M85 -> 0 | T85: =D85/Q85/M85 -> 0.0047994722 | U85: =E85/Q85/M85 -> 0.55738133 | V85: =(SUM(C85:E85)/Q85)/M85 -> 0.5621808 | W85: =(N85/Q85)/M85 -> 0.74935735 | Y85: =G85/M85 -> 0.0087124974 | Z85: =H85/M85 -> 2.4028753 | AB85: =D85/G85 -> 10.245278 | AC85: =E85/H85 -> 4.3141388
A86: 2022 | B86: 12 | D86: 18708.63 | E86: 2335777.9 | G86: 1822 | H86: 505716.12 | L86: 460906 | M86: 230962 | N86: 2036598 | O86: 238 | P86: =M86/O86 -> 970.42857 | Q86: ='$'!C133 -> 18.653721 | R86: =SUM(C86:E86)/Q86 -> 126220.74 | S86: =(C86/Q86)/M86 -> 0 | T86: =D86/Q86/M86 -> 0.0043424615 | U86: =E86/Q86/M86 -> 0.54215759 | V86: =(SUM(C86:E86)/Q86)/M86 -> 0.54650005 | W86: =(N86/Q86)/M86 -> 0.47271491 | Y86: =G86/M86 -> 0.0078887436 | Z86: =H86/M86 -> 2.1896075 | AB86: =D86/G86 -> 10.268183 | AC86: =E86/H86 -> 4.6187532
A87: 2023 | B87: 1 | D87: 19903.56 | E87: 2135456.1 | G87: 1458 | H87: 495384.12 | L87: 413704.19 | M87: 176147.56 | N87: 3980815 | O87: 245 | P87: =M87/O87 -> 718.96964 | Q87: ='$'!C134 -> 18.779415 | R87: =SUM(C87:E87)/Q87 -> 114772.46 | S87: =(C87/Q87)/M87 -> 0 | T87: =D87/Q87/M87 -> 0.00601689 | U87: =E87/Q87/M87 -> 0.64555307 | V87: =(SUM(C87:E87)/Q87)/M87 -> 0.65156996 | W87: =(N87/Q87)/M87 -> 1.2034091 | Y87: =G87/M87 -> 0.0082771512 | Z87: =H87/M87 -> 2.8123246 | AB87: =D87/G87 -> 13.651276 | AC87: =E87/H87 -> 4.3107076
A88: 2023 | B88: 2 | D88: 20689.13 | E88: 1372919.5 | G88: 1525 | H88: 370891.08 | L88: 294474 | M88: 129812 | N88: 2748369 | O88: 242 | P88: =M88/O88 -> 536.41322 | Q88: ='$'!C135 -> 18.848094 | R88: =SUM(C88:E88)/Q88 -> 73938.967 | S88: =(C88/Q88)/M88 -> 0 | T88: =D88/Q88/M88 -> 0.0084559021 | U88: =E88/Q88/M88 -> 0.56112909 | V88: =(SUM(C88:E88)/Q88)/M88 -> 0.56958499 | W88: =(N88/Q88)/M88 -> 1.1232922 | Y88: =G88/M88 -> 0.011747758 | Z88: =H88/M88 -> 2.8571402 | AB88: =D88/G88 -> 13.566643 | AC88: =E88/H88 -> 3.7016783
A89: 2023 | B89: 3 | D89: 23134.78 | E89: 1440647.5 | G89: 1804 | H89: 519351.84 | L89: 452592 | M89: 207842 | N89: 4206609 | O89: 241 | P89: =M89/O89 -> 862.41494 | Q89: ='$'!C136 -> 18.992986 | R89: =SUM(C89:E89)/Q89 -> 77069.625 | S89: =(C89/Q89)/M89 -> 0 | T89: =D89/Q89/M89 -> 0.0058605559 | U89: =E89/Q89/M89 -> 0.36494816 | V89: =(SUM(C89:E89)/Q89)/M89 -> 0.37080872 | W89: =(N89/Q89)/M89 -> 1.0656279 | Y89: =G89/M89 -> 0.0086796701 | Z89: =H89/M89 -> 2.498782 | AB89: =D89/G89 -> 12.824157 | AC89: =E89/H89 -> 2.7739336
A90: 2023 | B90: 4 | D90: 20871.14 | E90: 1034813.1 | G90: 1527 | H90: 402897.6 | M90: =141035.83+64196 -> 205231.83 | N90: 3772865 | O90: 236 | P90: =M90/O90 -> 869.6264 | Q90: ='$'!C137 -> 19.335863 | R90: =SUM(C90:E90)/Q90 -> 54597.211 | S90: =(C90/Q90)/M90 -> 0 | T90: =D90/Q90/M90 -> 0.0052594205 | U90: =E90/Q90/M90 -> 0.26076759 | V90: =(SUM(C90:E90)/Q90)/M90 -> 0.26602701 | W90: =(N90/Q90)/M90 -> 0.95074267 | Y90: =G90/M90 -> 0.0074403663 | Z90: =H90/M90 -> 1.9631341 | AB90: =D90/G90 -> 13.668068 | AC90: =E90/H90 -> 2.5684269
A91: 2023 | B91: 5 | D91: 15821.42 | E91: 1178360.9 | G91: 1086 | H91: 546810 | M91: 217959.14 | N91: 4260249 | O91: 232 | P91: =M91/O91 -> 939.47905 | Q91: ='$'!C138 -> 19.735976 | R91: =SUM(C91:E91)/Q91 -> 60507.89 | S91: =(C91/Q91)/M91 -> 0 | T91: =D91/Q91/M91 -> 0.0036780003 | U91: =E91/Q91/M91 -> 0.27393316 | V91: =(SUM(C91:E91)/Q91)/M91 -> 0.27761116 | W91: =(N91/Q91)/M91 -> 0.99037869 | Y91: =G91/M91 -> 0.0049825853 | Z91: =H91/M91 -> 2.508773 | AB91: =D91/G91 -> 14.568527 | AC91: =E91/H91 -> 2.1549731
A92: 2023 | B92: 6 | D92: 14343.56 | E92: 1008564.1 | G92: 1112 | H92: 401267.16 | M92: 218785 | N92: 3253307 | O92: 228 | P92: =M92/O92 -> 959.58333 | Q92: ='$'!C139 -> 23.541627 | R92: =SUM(C92:E92)/Q92 -> 43451.018 | S92: =(C92/Q92)/M92 -> 0 | T92: =D92/Q92/M92 -> 0.0027848572 | U92: =E92/Q92/M92 -> 0.19581659 | V92: =(SUM(C92:E92)/Q92)/M92 -> 0.19860145 | W92: =(N92/Q92)/M92 -> 0.63164204 | Y92: =G92/M92 -> 0.0050826154 | Z92: =H92/M92 -> 1.8340707 | AB92: =D92/G92 -> 12.898885 | AC92: =E92/H92 -> 2.5134479
A93: 2023 | B93: 7 | D93: 14410.56 | E93: 1224770.3 | G93: 1036 | H93: 512168 | I93: 91613 | M93: 212230 | N93: 4708550 | O93: 225 | P93: =M93/O93 -> 943.24444 | Q93: ='$'!C140 -> 26.43329 | R93: =SUM(C93:E93)/Q93 -> 46879.554 | S93: =(C93/Q93)/M93 -> 0 | T93: =D93/Q93/M93 -> 0.0025687561 | U93: =E93/Q93/M93 -> 0.21832157 | V93: =(SUM(C93:E93)/Q93)/M93 -> 0.22089033 | W93: =(N93/Q93)/M93 -> 0.83932313 | Y93: =G93/M93 -> 0.0048814965 | Z93: =H93/M93 -> 2.4132686 | AB93: =D93/G93 -> 13.909807 | AC93: =E93/H93 -> 2.3913448 | AD93: =E93/(H93-I93) -> 2.9122714
A94: 2023 | B94: 8 | D94: 14410.31 | E94: 1200767.3 | G94: 1078 | H94: 660295 | I94: 272175 | M94: 237518 | N94: 4479553 | O94: 226 | P94: =M94/O94 -> 1050.9646 | Q94: ='$'!C141 -> 26.916173 | R94: =SUM(C94:E94)/Q94 -> 45146.747 | S94: =(C94/Q94)/M94 -> 0 | T94: =D94/Q94/M94 -> 0.0022540497 | U94: =E94/Q94/M94 -> 0.18782311 | V94: =(SUM(C94:E94)/Q94)/M94 -> 0.19007716 | W94: =(N94/Q94)/M94 -> 0.70068826 | Y94: =G94/M94 -> 0.0045386034 | Z94: =H94/M94 -> 2.7799788 | AB94: =D94/G94 -> 13.367635 | AC94: =E94/H94 -> 1.8185316 | AD94: =E94/(H94-I94) -> 3.0938043
A95: 2023 | B95: 9 | D95: 28817.79 | E95: 654425.18 | G95: 2755 | H95: 498343.98 | I95: 284461 | M95: 269480.31 | N95: 4182801 | O95: 231 | P95: =M95/O95 -> 1166.5814 | Q95: ='$'!C142 -> 26.984571 | R95: =SUM(C95:E95)/Q95 -> 25319.764 | S95: =(C95/Q95)/M95 -> 0 | T95: =D95/Q95/M95 -> 0.0039629456 | U95: =E95/Q95/M95 -> 0.089994806 | V95: =(SUM(C95:E95)/Q95)/M95 -> 0.093957752 | W95: =(N95/Q95)/M95 -> 0.57520764 | Y95: =G95/M95 -> 0.010223381 | Z95: =H95/M95 -> 1.8492779 | AB95: =D95/G95 -> 10.460178 | AC95: =E95/H95 -> 1.3131997 | AD95: =E95/(H95-I95) -> 3.0597347
A96: 2023 | B96: 10 | D96: 16401.36 | E96: 816378.89 | G96: 1316 | H96: 513765 | I96: 272155 | M96: 303797 | N96: 4730673 | O96: 238 | P96: =M96/O96 -> 1276.458 | Q96: ='$'!C143 -> 27.86033 | R96: =SUM(C96:E96)/Q96 -> 29891.256 | S96: =(C96/Q96)/M96 -> 0 | T96: =D96/Q96/M96 -> 0.0019378052 | U96: =E96/Q96/M96 -> 0.096454397 | V96: =(SUM(C96:E96)/Q96)/M96 -> 0.098392202 | W96: =(N96/Q96)/M96 -> 0.55892456 | Y96: =G96/M96 -> 0.00433184 | Z96: =H96/M96 -> 1.6911457 | AB96: =D96/G96 -> 12.46304 | AC96: =E96/H96 -> 1.5890123 | AD96: =E96/(H96-I96) -> 3.3789118
A97: 2023 | B97: 11 | D97: 16981.33 | E97: 1047765.3 | G97: 1367 | H97: 528146 | I97: 180421 | M97: =99084+83790+34585+78599+525 -> 296583 | N97: 5284392 | O97: 253 | P97: =M97/O97 -> 1172.2648 | Q97: ='$'!C144 -> 28.646301 | R97: =SUM(C97:E97)/Q97 -> 37168.732 | S97: =(C97/Q97)/M97 -> 0 | T97: =D97/Q97/M97 -> 0.0019987427 | U97: =E97/Q97/M97 -> 0.12332446 | V97: =(SUM(C97:E97)/Q97)/M97 -> 0.1253232 | W97: =(N97/Q97)/M97 -> 0.62198544 | Y97: =G97/M97 -> 0.0046091651 | Z97: =H97/M97 -> 1.7807696 | AB97: =D97/G97 -> 12.422334 | AC97: =E97/H97 -> 1.9838555 | AD97: =E97/(H97-I97) -> 3.0132011
A98: 2023 | B98: 12 | D98: 20750.7 | E98: 1314155.2 | G98: 1731 | H98: 561294 | I98: 141258 | M98: 293624 | N98: 5060033 | O98: 251 | P98: =M98/O98 -> 1169.8167 | Q98: ='$'!C145 -> 29.088107 | R98: =SUM(C98:E98)/Q98 -> 45891.81 | S98: =(C98/Q98)/M98 -> 0 | T98: =D98/Q98/M98 -> 0.0024295494 | U98: =E98/Q98/M98 -> 0.15386493 | V98: =(SUM(C98:E98)/Q98)/M98 -> 0.15629448 | W98: =(N98/Q98)/M98 -> 0.59244268 | Y98: =G98/M98 -> 0.0058952947 | Z98: =H98/M98 -> 1.911608 | AB98: =D98/G98 -> 11.987695 | AC98: =E98/H98 -> 2.3412956 | AD98: =E98/(H98-I98) -> 3.1286727
A99: 2024 | B99: 1 | D99: 22124.57 | E99: 1106468.6 | G99: =1170 -> 1170 | H99: 515086 | I99: 143810 | M99: 267878 | N99: 7175858 | O99: 248 | P99: =M99/O99 -> 1080.1532 | Q99: ='$'!C146 -> 30.065751 | R99: =SUM(C99:E99)/Q99 -> 37537.501 | S99: =(C99/Q99)/M99 -> 0 | T99: =D99/Q99/M99 -> 0.0027470448 | U99: =E99/Q99/M99 -> 0.13738205 | V99: =(SUM(C99:E99)/Q99)/M99 -> 0.14012909 | W99: =(N99/Q99)/M99 -> 0.89097339 | Y99: =G99/M99 -> 0.0043676599 | Z99: =H99/M99 -> 1.922838 | AB99: =D99/G99 -> 18.909889 | AC99: =E99/H99 -> 2.148124 | AD99: =E99/(H99-I99) -> 2.9801781
A100: 2024 | B100: 2 | D100: =26815.36+2354.4 -> 29169.76 | E100: 803376.18 | G100: =1456 -> 1456 | H100: 479622 | I100: 231490 | M100: 276768.66 | N100: 6900068 | O100: 255 | P100: =M100/O100 -> 1085.3673 | Q100: ='$'!C147 -> 30.78419 | R100: =SUM(C100:E100)/Q100 -> 27044.595 | S100: =(C100/Q100)/M100 -> 0 | T100: =D100/Q100/M100 -> 0.003423641 | U100: =E100/Q100/M100 -> 0.094291883 | V100: =(SUM(C100:E100)/Q100)/M100 -> 0.097715524 | W100: =(N100/Q100)/M100 -> 0.80985772 | Y100: =G100/M100 -> 0.0052607112 | Z100: =H100/M100 -> 1.7329346 | AB100: =D100/G100 -> 20.034176 | AC100: =E100/H100 -> 1.6750195 | AD100: =E100/(H100-I100) -> 3.2376968
...

Sheet UT3 (1279)
A1: Yıl | B1: Ay | C1: Fatura Tutarı TL | F1: Tüketim | I1: GES Üretim | J1: ∑ Paket. Miktarı | K1: ∑ İşçilik | L1: ∑ Kişi Sayısı | M1: Kişi Başı Üretim kg | N1: Kur: TL/$ | O1: İplik Kg Başına Tüketim | R1: Fatura | S1: Fatura usd | T1: Fatura usd | U1: Fatura usd | V1: Birim Maliyet ($/kg) | AA1: İplik Kg Başına Tüketim | AB1: Enerji Birim Fiyatları | AF1: Enerji Birim Fiyatları
C2: DG-207 | D2: S226+S1667 | E2: E0226 | F2: Dgaz Sm3 | G2: Su m3 | H2: Elektrik kW | I2: Elektrik kW | O2: Dgaz Sm3 | P2: Su ton | Q2: Elektrik kW | R2: Enerji | S2: Doğalgaz | T2: Su | U2: Elektrik | V2: Doğalgaz | W2: Su | X2: Elektrik | Y2: Enerji | Z2: İşçilik | AA2: Elektrik kW | AB2: Dgaz TL/Sm3 | AC2: Su TL/m3 | AD2: Elk TL/kW | AE2: OSB E TL/kW | AF2: Dgaz usd/Sm3 | AG2: Su usd/m3 | AH2: Elk usd/kw | AI2: OSB E usd/kw
A3: 2016 | B3: 1 | D3: 531.61 | E3: 67183.94 | M3: =J3/L3 -> #DIV/0! | N3: ='$'!C50 -> 3.001791 | R3: =SUM(C3:E3)/N3 -> 22558.383 | S3: =C3/$N3 -> 0 | T3: =D3/$N3 -> 177.09761 | U3: =E3/$N3 -> 22381.285 | V3: =C3/N3/J3 -> #DIV/0! | W3: =D3/N3/J3 -> #DIV/0! | X3: =E3/N3/J3 -> #DIV/0! | Y3: =SUM(C3:E3)/N3/J3 -> #DIV/0! | Z3: =(K3/N3)/J3 -> #DIV/0! | AF3: =AB3/$N3 -> 0 | AG3: =AC3/$N3 -> 0 | AH3: =AD3/$N3 -> 0 | AI3: =AE3/$N3 -> 0
A4: 2016 | B4: 2 | D4: 450.21 | E4: 66967.73 | M4: =J4/L4 -> #DIV/0! | N4: ='$'!C51 -> 2.945324 | R4: =SUM(C4:E4)/N4 -> 22889.821 | S4: =C4/$N4 -> 0 | T4: =D4/$N4 -> 152.85585 | U4: =E4/$N4 -> 22736.965 | V4: =C4/N4/J4 -> #DIV/0! | W4: =D4/N4/J4 -> #DIV/0! | X4: =E4/N4/J4 -> #DIV/0! | Y4: =SUM(C4:E4)/N4/J4 -> #DIV/0! | Z4: =(K4/N4)/J4 -> #DIV/0! | AF4: =AB4/$N4 -> 0 | AG4: =AC4/$N4 -> 0 | AH4: =AD4/$N4 -> 0 | AI4: =AE4/$N4 -> 0
A5: 2016 | B5: 3 | D5: 517.19 | E5: 69840.54 | M5: =J5/L5 -> #DIV/0! | N5: ='$'!C52 -> 2.882802 | R5: =SUM(C5:E5)/N5 -> 24406.022 | S5: =C5/$N5 -> 0 | T5: =D5/$N5 -> 179.40531 | U5: =E5/$N5 -> 24226.617 | V5: =C5/N5/J5 -> #DIV/0! | W5: =D5/N5/J5 -> #DIV/0! | X5: =E5/N5/J5 -> #DIV/0! | Y5: =SUM(C5:E5)/N5/J5 -> #DIV/0! | Z5: =(K5/N5)/J5 -> #DIV/0! | AF5: =AB5/$N5 -> 0 | AG5: =AC5/$N5 -> 0 | AH5: =AD5/$N5 -> 0 | AI5: =AE5/$N5 -> 0
A6: 2016 | B6: 4 | D6: 496.63 | E6: 61098.42 | M6: =J6/L6 -> #DIV/0! | N6: ='$'!C53 -> 2.834917 | R6: =SUM(C6:E6)/N6 -> 21727.285 | S6: =C6/$N6 -> 0 | T6: =D6/$N6 -> 175.18326 | U6: =E6/$N6 -> 21552.102 | V6: =C6/N6/J6 -> #DIV/0! | W6: =D6/N6/J6 -> #DIV/0! | X6: =E6/N6/J6 -> #DIV/0! | Y6: =SUM(C6:E6)/N6/J6 -> #DIV/0! | Z6: =(K6/N6)/J6 -> #DIV/0! | AF6: =AB6/$N6 -> 0 | AG6: =AC6/$N6 -> 0 | AH6: =AD6/$N6 -> 0 | AI6: =AE6/$N6 -> 0
A7: 2016 | B7: 5 | D7: 582.04 | E7: 77172.84 | M7: =J7/L7 -> #DIV/0! | N7: ='$'!C54 -> 2.940724 | R7: =SUM(C7:E7)/N7 -> 26440.727 | S7: =C7/$N7 -> 0 | T7: =D7/$N7 -> 197.92405 | U7: =E7/$N7 -> 26242.803 | V7: =C7/N7/J7 -> #DIV/0! | W7: =D7/N7/J7 -> #DIV/0! | X7: =E7/N7/J7 -> #DIV/0! | Y7: =SUM(C7:E7)/N7/J7 -> #DIV/0! | Z7: =(K7/N7)/J7 -> #DIV/0! | AF7: =AB7/$N7 -> 0 | AG7: =AC7/$N7 -> 0 | AH7: =AD7/$N7 -> 0 | AI7: =AE7/$N7 -> 0
A8: 2016 | B8: 6 | D8: 610.28 | E8: 66542.96 | M8: =J8/L8 -> #DIV/0! | N8: ='$'!C55 -> 2.914586 | R8: =SUM(C8:E8)/N8 -> 23040.404 | S8: =C8/$N8 -> 0 | T8: =D8/$N8 -> 209.38823 | U8: =E8/$N8 -> 22831.016 | V8: =C8/N8/J8 -> #DIV/0! | W8: =D8/N8/J8 -> #DIV/0! | X8: =E8/N8/J8 -> #DIV/0! | Y8: =SUM(C8:E8)/N8/J8 -> #DIV/0! | Z8: =(K8/N8)/J8 -> #DIV/0! | AF8: =AB8/$N8 -> 0 | AG8: =AC8/$N8 -> 0 | AH8: =AD8/$N8 -> 0 | AI8: =AE8/$N8 -> 0
A9: 2016 | B9: 7 | D9: 718.28 | E9: 74606.37 | M9: =J9/L9 -> #DIV/0! | N9: ='$'!C56 -> 2.969792 | R9: =SUM(C9:E9)/N9 -> 25363.611 | S9: =C9/$N9 -> 0 | T9: =D9/$N9 -> 241.86206 | U9: =E9/$N9 -> 25121.749 | V9: =C9/N9/J9 -> #DIV/0! | W9: =D9/N9/J9 -> #DIV/0! | X9: =E9/N9/J9 -> #DIV/0! | Y9: =SUM(C9:E9)/N9/J9 -> #DIV/0! | Z9: =(K9/N9)/J9 -> #DIV/0! | AF9: =AB9/$N9 -> 0 | AG9: =AC9/$N9 -> 0 | AH9: =AD9/$N9 -> 0 | AI9: =AE9/$N9 -> 0
A10: 2016 | B10: 8 | D10: 1007.93 | E10: 85287.71 | M10: =J10/L10 -> #DIV/0! | N10: ='$'!C57 -> 2.960826 | R10: =SUM(C10:E10)/N10 -> 29145.799 | S10: =C10/$N10 -> 0 | T10: =D10/$N10 -> 340.4219 | U10: =E10/$N10 -> 28805.377 | V10: =C10/N10/J10 -> #DIV/0! | W10: =D10/N10/J10 -> #DIV/0! | X10: =E10/N10/J10 -> #DIV/0! | Y10: =SUM(C10:E10)/N10/J10 -> #DIV/0! | Z10: =(K10/N10)/J10 -> #DIV/0! | AF10: =AB10/$N10 -> 0 | AG10: =AC10/$N10 -> 0 | AH10: =AD10/$N10 -> 0 | AI10: =AE10/$N10 -> 0
A11: 2016 | B11: 9 | D11: 1022.94 | E11: 67256.9 | M11: =J11/L11 -> #DIV/0! | N11: ='$'!C58 -> 2.968482 | R11: =SUM(C11:E11)/N11 -> 23001.601 | S11: =C11/$N11 -> 0 | T11: =D11/$N11 -> 344.60037 | U11: =E11/$N11 -> 22657.001 | V11: =C11/N11/J11 -> #DIV/0! | W11: =D11/N11/J11 -> #DIV/0! | X11: =E11/N11/J11 -> #DIV/0! | Y11: =SUM(C11:E11)/N11/J11 -> #DIV/0! | Z11: =(K11/N11)/J11 -> #DIV/0! | AF11: =AB11/$N11 -> 0 | AG11: =AC11/$N11 -> 0 | AH11: =AD11/$N11 -> 0 | AI11: =AE11/$N11 -> 0
A12: 2016 | B12: 10 | D12: 1729.7 | E12: 80491.59 | M12: =J12/L12 -> #DIV/0! | N12: ='$'!C59 -> 3.073362 | R12: =SUM(C12:E12)/N12 -> 26752.882 | S12: =C12/$N12 -> 0 | T12: =D12/$N12 -> 562.80386 | U12: =E12/$N12 -> 26190.078 | V12: =C12/N12/J12 -> #DIV/0! | W12: =D12/N12/J12 -> #DIV/0! | X12: =E12/N12/J12 -> #DIV/0! | Y12: =SUM(C12:E12)/N12/J12 -> #DIV/0! | Z12: =(K12/N12)/J12 -> #DIV/0! | AF12: =AB12/$N12 -> 0 | AG12: =AC12/$N12 -> 0 | AH12: =AD12/$N12 -> 0 | AI12: =AE12/$N12 -> 0
A13: 2016 | B13: 11 | D13: 1917.14 | E13: 92590.16 | M13: =J13/L13 -> #DIV/0! | N13: ='$'!C60 -> 3.299438 | R13: =SUM(C13:E13)/N13 -> 28643.454 | S13: =C13/$N13 -> 0 | T13: =D13/$N13 -> 581.05047 | U13: =E13/$N13 -> 28062.403 | V13: =C13/N13/J13 -> #DIV/0! | W13: =D13/N13/J13 -> #DIV/0! | X13: =E13/N13/J13 -> #DIV/0! | Y13: =SUM(C13:E13)/N13/J13 -> #DIV/0! | Z13: =(K13/N13)/J13 -> #DIV/0! | AF13: =AB13/$N13 -> 0 | AG13: =AC13/$N13 -> 0 | AH13: =AD13/$N13 -> 0 | AI13: =AE13/$N13 -> 0
A14: 2016 | B14: 12 | D14: 1851.1 | E14: 106754.15 | M14: =J14/L14 -> #DIV/0! | N14: ='$'!C61 -> 3.502333 | R14: =SUM(C14:E14)/N14 -> 31009.401 | S14: =C14/$N14 -> 0 | T14: =D14/$N14 -> 528.53341 | U14: =E14/$N14 -> 30480.868 | V14: =C14/N14/J14 -> #DIV/0! | W14: =D14/N14/J14 -> #DIV/0! | X14: =E14/N14/J14 -> #DIV/0! | Y14: =SUM(C14:E14)/N14/J14 -> #DIV/0! | Z14: =(K14/N14)/J14 -> #DIV/0! | AF14: =AB14/$N14 -> 0 | AG14: =AC14/$N14 -> 0 | AH14: =AD14/$N14 -> 0 | AI14: =AE14/$N14 -> 0
... A24: 2017 | B24: 10 | D24: 1507.66 | E24: 128032.38 | M24: =J24/L24 -> #DIV/0! | N24: ='$'!C71 -> 3.672914 | R24: =SUM(C24:E24)/N24 -> 35269.01 | S24: =C24/$N24 -> 0 | T24: =D24/$N24 -> 410.48062 | U24: =E24/$N24 -> 34858.529 | V24: =C24/N24/J24 -> #DIV/0! | W24: =D24/N24/J24 -> #DIV/0! | X24: =E24/N24/J24 -> #DIV/0! | Y24: =SUM(C24:E24)/N24/J24 -> #DIV/0! | Z24: =(K24/N24)/J24 -> #DIV/0! | AF24: =AB24/$N24 -> 0 | AG24: =AC24/$N24 -> 0 | AH24: =AD24/$N24 -> 0 | AI24: =AE24/$N24 -> 0
A25: 2017 | B25: 11 | D25: =1519.8+75.79 -> 1595.59 | E25: 129675.17 | J25: 388501 | K25: 209222 | L25: 70 | M25: =J25/L25 -> 5550.0143 | N25: ='$'!C72 -> 3.889185 | R25: =SUM(C25:E25)/N25 -> 33752.768 | S25: =C25/$N25 -> 0 | T25: =D25/$N25 -> 410.26333 | U25: =E25/$N25 -> 33342.505 | V25: =C25/N25/J25 -> 0 | W25: =D25/N25/J25 -> 0.0010560162 | X25: =E25/N25/J25 -> 0.085823473 | Y25: =SUM(C25:E25)/N25/J25 -> 0.086879489 | Z25: =(K25/N25)/J25 -> 0.13847029 | AF25: =AB25/$N25 -> 0 | AG25: =AC25/$N25 -> 0 | AH25: =AD25/$N25 -> 0 | AI25: =AE25/$N25 -> 0
A26: 2017 | B26: 12 | D26: =1654.41+84.4 -> 1738.81 | E26: 132382.95 | J26: 392163 | K26: 212902 | L26: 71 | M26: =J26/L26 -> 5523.4225 | N26: ='$'!C73 -> 3.843316 | R26: =SUM(C26:E26)/N26 -> 34897.406 | S26: =C26/$N26 -> 0 | T26: =D26/$N26 -> 452.42442 | U26: =E26/$N26 -> 34444.982 | V26: =C26/N26/J26 -> 0 | W26: =D26/N26/J26 -> 0.0011536642 | X26: =E26/N26/J26 -> 0.087833329 | Y26: =SUM(C26:E26)/N26/J26 -> 0.088986993 | Z26: =(K26/N26)/J26 -> 0.14125604 | AF26: =AB26/$N26 -> 0 | AG26: =AC26/$N26 -> 0 | AH26: =AD26/$N26 -> 0 | AI26: =AE26/$N26 -> 0
A27: 2018 | B27: 1 | D27: =1627.09+122.05 -> 1749.14 | E27: 114543.66 | J27: 334164 | K27: 229463 | L27: 71 | M27: =J27/L27 -> 4706.5352 | N27: ='$'!C74 -> 3.772753 | R27: =SUM(C27:E27)/N27 -> 30824.387 | S27: =C27/$N27 -> 0 | T27: =D27/$N27 -> 463.62431 | U27: =E27/$N27 -> 30360.763 | V27: =C27/N27/J27 -> 0 | W27: =D27/N27/J27 -> 0.0013874155 | X27: =E27/N27/J27 -> 0.090855876 | Y27: =SUM(C27:E27)/N27/J27 -> 0.092243292 | Z27: =(K27/N27)/J27 -> 0.18200974 | AF27: =AB27/$N27 -> 0 | AG27: =AC27/$N27 -> 0 | AH27: =AD27/$N27 -> 0 | AI27: =AE27/$N27 -> 0
A28: 2018 | B28: 2 | D28: =108.43+1551.9 -> 1660.33 | E28: 129766.44 | J28: 353761 | K28: 230998 | L28: 71 | M28: =J28/L28 -> 4982.5493 | N28: ='$'!C75 -> 3.78455 | R28: =SUM(C28:E28)/N28 -> 34727.186 | S28: =C28/$N28 -> 0 | T28: =D28/$N28 -> 438.71266 | U28: =E28/$N28 -> 34288.473 | V28: =C28/N28/J28 -> 0 | W28: =D28/N28/J28 -> 0.0012401386 | X28: =E28/N28/J28 -> 0.096925531 | Y28: =SUM(C28:E28)/N28/J28 -> 0.09816567 | Z28: =(K28/N28)/J28 -> 0.17253771 | AF28: =AB28/$N28 -> 0 | AG28: =AC28/$N28 -> 0 | AH28: =AD28/$N28 -> 0 | AI28: =AE28/$N28 -> 0
A29: 2018 | B29: 3 | D29: =1735.94+14.6 -> 1750.54 | E29: 145209.74 | J29: 369125 | K29: 260002 | L29: 79 | M29: =J29/L29 -> 4672.4684 | N29: ='$'!C76 -> 3.889189 | R29: =SUM(C29:E29)/N29 -> 37786.87 | S29: =C29/$N29 -> 0 | T29: =D29/$N29 -> 450.10412 | U29: =E29/$N29 -> 37336.766 | V29: =C29/N29/J29 -> 0 | W29: =D29/N29/J29 -> 0.0012193813 | X29: =E29/N29/J29 -> 0.10114938 | Y29: =SUM(C29:E29)/N29/J29 -> 0.10236876 | Z29: =(K29/N29)/J29 -> 0.18111073 | AF29: =AB29/$N29 -> 0 | AG29: =AC29/$N29 -> 0 | AH29: =AD29/$N29 -> 0 | AI29: =AE29/$N29 -> 0
A30: 2018 | B30: 4 | D30: =7.35+1801.5 -> 1808.85 | E30: 175754.34 | J30: 420916 | K30: 254592 | L30: 76 | M30: =J30/L30 -> 5538.3684 | N30: ='$'!C77 -> 4.060187 | R30: =SUM(C30:E30)/N30 -> 43732.762 | S30: =C30/$N30 -> 0 | T30: =D30/$N30 -> 445.50904 | U30: =E30/$N30 -> 43287.253 | V30: =C30/N30/J30 -> 0 | W30: =D30/N30/J30 -> 0.0010584274 | X30: =E30/N30/J30 -> 0.1028406 | Y30: =SUM(C30:E30)/N30/J30 -> 0.10389902 | Z30: =(K30/N30)/J30 -> 0.14897153 | AF30: =AB30/$N30 -> 0 | AG30: =AC30/$N30 -> 0 | AH30: =AD30/$N30 -> 0 | AI30: =AE30/$N30 -> 0
A31: 2018 | B31: 5 | D31: =96.57+1721.22 -> 1817.79 | E31: 189182.96 | J31: 397542 | K31: 278100 | L31: 78 | M31: =J31/L31 -> 5096.6923 | N31: ='$'!C78 -> 4.417734 | R31: =SUM(C31:E31)/N31 -> 43235.005 | S31: =C31/$N31 -> 0 | T31: =D31/$N31 -> 411.47566 | U31: =E31/$N31 -> 42823.529 | V31: =C31/N31/J31 -> 0 | W31: =D31/N31/J31 -> 0.0010350495 | X31: =E31/N31/J31 -> 0.10772077 | Y31: =SUM(C31:E31)/N31/J31 -> 0.10875582 | Z31: =(K31/N31)/J31 -> 0.15835012 | AF31: =AB31/$N31 -> 0 | AG31: =AC31/$N31 -> 0 | AH31: =AD31/$N31 -> 0 | AI31: =AE31/$N31 -> 0
A32: 2018 | B32: 6 | D32: =1960.83+128.65 -> 2089.48 | E32: 184254.17 | J32: 353597 | K32: 261789 | L32: 76 | M32: =J32/L32 -> 4652.5921 | N32: ='$'!C79 -> 4.629054 | R32: =SUM(C32:E32)/N32 -> 40255.234 | S32: =C32/$N32 -> 0 | T32: =D32/$N32 -> 451.3838 | U32: =E32/$N32 -> 39803.85 | V32: =C32/N32/J32 -> 0 | W32: =D32/N32/J32 -> 0.0012765487 | X32: =E32/N32/J32 -> 0.1125684 | Y32: =SUM(C32:E32)/N32/J32 -> 0.11384495 | Z32: =(K32/N32)/J32 -> 0.1599376 | AF32: =AB32/$N32 -> 0 | AG32: =AC32/$N32 -> 0 | AH32: =AD32/$N32 -> 0 | AI32: =AE32/$N32 -> 0
A33: 2018 | B33: 7 | D33: =1942.31+69.22 -> 2011.53 | E33: 223206.98 | J33: 341105 | K33: 274242 | L33: 84 | M33: =J33/L33 -> 4060.7738 | N33: ='$'!C80 -> 4.761595 | R33: =SUM(C33:E33)/N33 -> 47298.964 | S33: =C33/$N33 -> 0 | T33: =D33/$N33 -> 422.44878 | U33: =E33/$N33 -> 46876.515 | V33: =C33/N33/J33 -> 0 | W33: =D33/N33/J33 -> 0.0012384714 | X33: =E33/N33/J33 -> 0.13742547 | Y33: =SUM(C33:E33)/N33/J33 -> 0.13866394 | Z33: =(K33/N33)/J33 -> 0.16884703 | AF33: =AB33/$N33 -> 0 | AG33: =AC33/$N33 -> 0 | AH33: =AD33/$N33 -> 0 | AI33: =AE33/$N33 -> 0
A34: 2018 | B34: 8 | D34: =1964.18+142.04 -> 2106.22 | E34: 170879.52 | J34: 183318 | K34: 268662 | L34: 85 | M34: =J34/L34 -> 2156.6824 | N34: ='$'!C81 -> 5.888005 | R34: =SUM(C34:E34)/N34 -> 29379.347 | S34: =C34/$N34 -> 0 | T34: =D34/$N34 -> 357.71369 | U34: =E34/$N34 -> 29021.633 | V34: =C34/N34/J34 -> 0 | W34: =D34/N34/J34 -> 0.0019513288 | X34: =E34/N34/J34 -> 0.15831306 | Y34: =SUM(C34:E34)/N34/J34 -> 0.16026439 | Z34: =(K34/N34)/J34 -> 0.24890462 | AF34: =AB34/$N34 -> 0 | AG34: =AC34/$N34 -> 0 | AH34: =AD34/$N34 -> 0 | AI34: =AE34/$N34 -> 0
A35: 2018 | B35: 9 | D35: =142.82+2032.83 -> 2175.65 | E35: 198644.43 | J35: 191473 | K35: 267444 | L35: 82 | M35: =J35/L35 -> 2335.0366 | N35: ='$'!C82 -> 6.333883 | R35: =SUM(C35:E35)/N35 -> 31705.682 | S35: =C35/$N35 -> 0 | T35: =D35/$N35 -> 343.49387 | U35: =E35/$N35 -> 31362.188 | V35: =C35/N35/J35 -> 0 | W35: =D35/N35/J35 -> 0.0017939546 | X35: =E35/N35/J35 -> 0.16379431 | Y35: =SUM(C35:E35)/N35/J35 -> 0.16558827 | Z35: =(K35/N35)/J35 -> 0.22052371 | AF35: =AB35/$N35 -> 0 | AG35: =AC35/$N35 -> 0 | AH35: =AD35/$N35 -> 0 | AI35: =AE35/$N35 -> 0
A36: 2018 | B36: 10 | D36: =2389.61+194.81 -> 2584.42 | E36: 223777.54 | J36: 290141 | K36: 292053 | L36: 78 | M36: =J36/L36 -> 3719.7564 | N36: ='$'!C83 -> 5.831909 | R36: =SUM(C36:E36)/N36 -> 38814.385 | S36: =C36/$N36 -> 0 | T36: =D36/$N36 -> 443.15163 | U36: =E36/$N36 -> 38371.233 | V36: =C36/N36/J36 -> 0 | W36: =D36/N36/J36 -> 0.0015273665 | X36: =E36/N36/J36 -> 0.1322503 | Y36: =SUM(C36:E36)/N36/J36 -> 0.13377766 | Z36: =(K36/N36)/J36 -> 0.17260041 | AF36: =AB36/$N36 -> 0 | AG36: =AC36/$N36 -> 0 | AH36: =AD36/$N36 -> 0 | AI36: =AE36/$N36 -> 0
A37: 2018 | B37: 11 | D37: =2373.52+241.6 -> 2615.12 | E37: 223467.51 | J37: 303580 | K37: 276195 | L37: 79 | M37: =J37/L37 -> 3842.7848 | N37: ='$'!C84 -> 5.374481 | R37: =SUM(C37:E37)/N37 -> 42065.946 | S37: =C37/$N37 -> 0 | T37: =D37/$N37 -> 486.58094 | U37: =E37/$N37 -> 41579.366 | V37: =C37/N37/J37 -> 0 | W37: =D37/N37/J37 -> 0.0016028096 | X37: =E37/N37/J37 -> 0.13696345 | Y37: =SUM(C37:E37)/N37/J37 -> 0.13856626 | Z37: =(K37/N37)/J37 -> 0.16928018 | AF37: =AB37/$N37 -> 0 | AG37: =AC37/$N37 -> 0 | AH37: =AD37/$N37 -> 0 | AI37: =AE37/$N37 -> 0
A38: 2018 | B38: 12 | D38: =203.75+2824 -> 3027.75 | E38: 216736.98 | J38: 313748 | K38: 280159 | L38: 78 | M38: =J38/L38 -> 4022.4103 | N38: ='$'!C85 -> 5.309368 | R38: =SUM(C38:E38)/N38 -> 41391.881 | S38: =C38/$N38 -> 0 | T38: =D38/$N38 -> 570.26561 | U38: =E38/$N38 -> 40821.616 | V38: =C38/N38/J38 -> 0 | W38: =D38/N38/J38 -> 0.0018175912 | X38: =E38/N38/J38 -> 0.13010956 | Y38: =SUM(C38:E38)/N38/J38 -> 0.13192716 | Z38: =(K38/N38)/J38 -> 0.16818249 | AF38: =AB38/$N38 -> 0 | AG38: =AC38/$N38 -> 0 | AH38: =AD38/$N38 -> 0 | AI38: =AE38/$N38 -> 0
A39: 2019 | B39: 1 | D39: =148.38+3042.85 -> 3191.23 | E39: 216652.15 | J39: 329296 | K39: 322313 | L39: 76 | M39: =J39/L39 -> 4332.8421 | N39: ='$'!C86 -> 5.36303 | R39: =SUM(C39:E39)/N39 -> 40992.383 | S39: =C39/$N39 -> 0 | T39: =D39/$N39 -> 595.04235 | U39: =E39/$N39 -> 40397.341 | V39: =C39/N39/J39 -> 0 | W39: =D39/N39/J39 -> 0.0018070136 | X39: =E39/N39/J39 -> 0.1226779 | Y39: =SUM(C39:E39)/N39/J39 -> 0.12448491 | Z39: =(K39/N39)/J39 -> 0.18250768 | AF39: =AB39/$N39 -> 0 | AG39: =AC39/$N39 -> 0 | AH39: =AD39/$N39 -> 0 | AI39: =AE39/$N39 -> 0
A40: 2019 | B40: 2 | D40: =69.55+3179.6 -> 3249.15 | E40: 296955.85 | J40: 423850 | K40: 346230 | L40: 84 | M40: =J40/L40 -> 5045.8333 | N40: ='$'!C87 -> 5.269724 | R40: =SUM(C40:E40)/N40 -> 56967.879 | S40: =C40/$N40 -> 0 | T40: =D40/$N40 -> 616.56929 | U40: =E40/$N40 -> 56351.31 | V40: =C40/N40/J40 -> 0 | W40: =D40/N40/J40 -> 0.0014546875 | X40: =E40/N40/J40 -> 0.13295107 | Y40: =SUM(C40:E40)/N40/J40 -> 0.13440575 | Z40: =(K40/N40)/J40 -> 0.15501176 | AF40: =AB40/$N40 -> 0 | AG40: =AC40/$N40 -> 0 | AH40: =AD40/$N40 -> 0 | AI40: =AE40/$N40 -> 0
A41: 2019 | B41: 3 | D41: =52.71+2822.41 -> 2875.12 | E41: 315018.31 | J41: 478086 | K41: 410531 | L41: 88 | M41: =J41/L41 -> 5432.7955 | N41: ='$'!C88 -> 5.476742 | R41: =SUM(C41:E41)/N41 -> 58044.259 | S41: =C41/$N41 -> 0 | T41: =D41/$N41 -> 524.96904 | U41: =E41/$N41 -> 57519.29 | V41: =C41/N41/J41 -> 0 | W41: =D41/N41/J41 -> 0.001098064 | X41: =E41/N41/J41 -> 0.1203116 | Y41: =SUM(C41:E41)/N41/J41 -> 0.12140966 | Z41: =(K41/N41)/J41 -> 0.15678974 | AF41: =AB41/$N41 -> 0 | AG41: =AC41/$N41 -> 0 | AH41: =AD41/$N41 -> 0 | AI41: =AE41/$N41 -> 0
A42: 2019 | B42: 4 | D42: =3515.86+52.8 -> 3568.66 | E42: 279711.88 | J42: 455725 | K42: 492580 | L42: 101 | M42: =J42/L42 -> 4512.1287 | N42: ='$'!C89 -> 5.764748 | R42: =SUM(C42:E42)/N42 -> 49140.143 | S42: =C42/$N42 -> 0 | T42: =D42/$N42 -> 619.04874 | U42: =E42/$N42 -> 48521.094 | V42: =C42/N42/J42 -> 0 | W42: =D42/N42/J42 -> 0.0013583822 | X42: =E42/N42/J42 -> 0.10647012 | Y42: =SUM(C42:E42)/N42/J42 -> 0.1078285 | Z42: =(K42/N42)/J42 -> 0.18749668 | AF42: =AB42/$N42 -> 0 | AG42: =AC42/$N42 -> 0 | AH42: =AD42/$N42 -> 0 | AI42: =AE42/$N42 -> 0
A43: 2019 | B43: 5 | D43: =3510.05 -> 3510.05 | E43: 361980.58 | J43: 410984 | K43: 456570 | L43: 96 | M43: =J43/L43 -> 4281.0833 | N43: ='$'!C90 -> 6.044426 | R43: =SUM(C43:E43)/N43 -> 60467.384 | S43: =C43/$N43 -> 0 | T43: =D43/$N43 -> 580.70857 | U43: =E43/$N43 -> 59886.676 | V43: =C43/N43/J43 -> 0 | W43: =D43/N43/J43 -> 0.0014129712 | X43: =E43/N43/J43 -> 0.14571535 | Y43: =SUM(C43:E43)/N43/J43 -> 0.14712832 | Z43: =(K43/N43)/J43 -> 0.18379233 | AF43: =AB43/$N43 -> 0 | AG43: =AC43/$N43 -> 0 | AH43: =AD43/$N43 -> 0 | AI43: =AE43/$N43 -> 0
A44: 2019 | B44: 6 | D44: =135.6+3267.1 -> 3402.7 | E44: 361511.47 | J44: 309351 | K44: 422354 | L44: 93 | M44: =J44/L44 -> 3326.3548 | N44: ='$'!C91 -> 5.820426 | R44: =SUM(C44:E44)/N44 -> 62695.44 | S44: =C44/$N44 -> 0 | T44: =D44/$N44 -> 584.61357 | U44: =E44/$N44 -> 62110.827 | V44: =C44/N44/J44 -> 0 | W44: =D44/N44/J44 -> 0.0018898066 | X44: =E44/N44/J44 -> 0.20077784 | Y44: =SUM(C44:E44)/N44/J44 -> 0.20266765 | Z44: =(K44/N44)/J44 -> 0.23456884 | AF44: =AB44/$N44 -> 0 | AG44: =AC44/$N44 -> 0 | AH44: =AD44/$N44 -> 0 | AI44: =AE44/$N44 -> 0
A45: 2019 | B45: 7 | D45: =3352.37+109.51 -> 3461.88 | E45: 370225.8 | J45: 427527 | K45: 496098 | L45: 96 | M45: =J45/L45 -> 4453.4062 | N45: ='$'!C92 -> 5.676879 | R45: =SUM(C45:E45)/N45 -> 65826.254 | S45: =C45/$N45 -> 0 | T45: =D45/$N45 -> 609.82099 | U45: =E45/$N45 -> 65216.433 | V45: =C45/N45/J45 -> 0 | W45: =D45/N45/J45 -> 0.0014263918 | X45: =E45/N45/J45 -> 0.15254343 | Y45: =SUM(C45:E45)/N45/J45 -> 0.15396982 | Z45: =(K45/N45)/J45 -> 0.20440631 | AF45: =AB45/$N45 -> 0 | AG45: =AC45/$N45 -> 0 | AH45: =AD45/$N45 -> 0 | AI45: =AE45/$N45 -> 0
A46: 2019 | B46: 8 | D46: =120.37+3558.31 -> 3678.68 | E46: 388889.4 | J46: 363915 | K46: 463947 | L46: 95 | M46: =J46/L46 -> 3830.6842 | N46: ='$'!C93 -> 5.641561 | R46: =SUM(C46:E46)/N46 -> 69585.01 | S46: =C46/$N46 -> 0 | T46: =D46/$N46 -> 652.06775 | U46: =E46/$N46 -> 68932.942 | V46: =C46/N46/J46 -> 0 | W46: =D46/N46/J46 -> 0.0017918133 | X46: =E46/N46/J46 -> 0.18942045 | Y46: =SUM(C46:E46)/N46/J46 -> 0.19121226 | Z46: =(K46/N46)/J46 -> 0.22597954 | AF46: =AB46/$N46 -> 0 | AG46: =AC46/$N46 -> 0 | AH46: =AD46/$N46 -> 0 | AI46: =AE46/$N46 -> 0
A47: 2019 | B47: 9 | D47: =192.97+3065.97 -> 3258.94 | E47: 311993.38 | J47: 397628 | K47: 521076 | L47: 97 | M47: =J47/L47 -> 4099.2577 | N47: ='$'!C94 -> 5.719617 | R47: =SUM(C47:E47)/N47 -> 55117.733 | S47: =C47/$N47 -> 0 | T47: =D47/$N47 -> 569.78291 | U47: =E47/$N47 -> 54547.95 | V47: =C47/N47/J47 -> 0 | W47: =D47/N47/J47 -> 0.0014329547 | X47: =E47/N47/J47 -> 0.13718337 | Y47: =SUM(C47:E47)/N47/J47 -> 0.13861633 | Z47: =(K47/N47)/J47 -> 0.22911692 | AF47: =AB47/$N47 -> 0 | AG47: =AC47/$N47 -> 0 | AH47: =AD47/$N47 -> 0 | AI47: =AE47/$N47 -> 0
A48: 2019 | B48: 10 | D48: =266.12+2845.56 -> 3111.68 | E48: 361691.72 | J48: 536867 | K48: 497286 | L48: 102 | M48: =J48/L48 -> 5263.402 | N48: ='$'!C95 -> 5.792574 | R48: =SUM(C48:E48)/N48 -> 62977.771 | S48: =C48/$N48 -> 0 | T48: =D48/$N48 -> 537.18433 | U48: =E48/$N48 -> 62440.587 | V48: =C48/N48/J48 -> 0 | W48: =D48/N48/J48 -> 0.0010005911 | X48: =E48/N48/J48 -> 0.1163055 | Y48: =SUM(C48:E48)/N48/J48 -> 0.11730609 | Z48: =(K48/N48)/J48 -> 0.15990717 | AF48: =AB48/$N48 -> 0 | AG48: =AC48/$N48 -> 0 | AH48: =AD48/$N48 -> 0 | AI48: =AE48/$N48 -> 0
A49: 2019 | B49: 11 | D49: =2290.47+165.25 -> 2455.72 | E49: 378960.91 | J49: =108513.6+463888 -> 572401.6 | K49: 514394 | L49: 109 | M49: =J49/L49 -> 5251.3908 | N49: ='$'!C96 -> 5.740255 | R49: =SUM(C49:E49)/N49 -> 66445.938 | S49: =C49/$N49 -> 0 | T49: =D49/$N49 -> 427.80678 | U49: =E49/$N49 -> 66018.132 | V49: =C49/N49/J49 -> 0 | W49: =D49/N49/J49 -> 0.00074738921 | X49: =E49/N49/J49 -> 0.11533534 | Y49: =SUM(C49:E49)/N49/J49 -> 0.11608273 | Z49: =(K49/N49)/J49 -> 0.15655389 | AF49: =AB49/$N49 -> 0 | AG49: =AC49/$N49 -> 0 | AH49: =AD49/$N49 -> 0 | AI49: =AE49/$N49 -> 0
A50: 2019 | B50: 12 | D50: =259.5+2613.86 -> 2873.36 | E50: 343187.77 | H50: 765802.8 | J50: =478884.8+1088.9+53770.77 -> 533744.47 | K50: 529848 | L50: 117 | M50: =J50/L50 -> 4561.9185 | N50: ='$'!C97 -> 5.853509 | R50: =SUM(C50:E50)/N50 -> 59120.287 | S50: =C50/$N50 -> 0 | T50: =D50/$N50 -> 490.87821 | U50: =E50/$N50 -> 58629.408 | V50: =C50/N50/J50 -> 0 | W50: =D50/N50/J50 -> 0.00091968767 | X50: =E50/N50/J50 -> 0.10984546 | Y50: =SUM(C50:E50)/N50/J50 -> 0.11076515 | Z50: =(K50/N50)/J50 -> 0.16959054 | AA50: =H50/J50 -> 1.4347742 | AF50: =AB50/$N50 -> 0 | AG50: =AC50/$N50 -> 0 | AH50: =AD50/$N50 -> 0 | AI50: =AE50/$N50 -> 0
A51: 2020 | B51: 1 | D51: =228.57+3939.3 -> 4167.87 | E51: 365775.09 | H51: 785358 | J51: =439874.4+47183.2 -> 487057.6 | K51: 590080 | L51: 113 | M51: =J51/L51 -> 4310.2442 | N51: ='$'!C98 -> 5.924601 | R51: =SUM(C51:E51)/N51 -> 62441.835 | S51: =C51/$N51 -> 0 | T51: =D51/$N51 -> 703.48535 | U51: =E51/$N51 -> 61738.35 | V51: =C51/N51/J51 -> 0 | W51: =D51/N51/J51 -> 0.0014443576 | X51: =E51/N51/J51 -> 0.1267578 | Y51: =SUM(C51:E51)/N51/J51 -> 0.12820216 | Z51: =(K51/N51)/J51 -> 0.20448971 | AA51: =H51/J51 -> 1.6124541 | AF51: =AB51/$N51 -> 0 | AG51: =AC51/$N51 -> 0 | AH51: =AD51/$N51 -> 0 | AI51: =AE51/$N51 -> 0
A52: 2020 | B52: 2 | D52: =235.85+4075.53 -> 4311.38 | E52: 320847.55 | H52: 672184.8 | J52: 448132 | K52: 609435 | L52: 117 | M52: =J52/L52 -> 3830.188 | N52: ='$'!C99 -> 6.057833 | R52: =SUM(C52:E52)/N52 -> 53675.783 | S52: =C52/$N52 -> 0 | T52: =D52/$N52 -> 711.70334 | U52: =E52/$N52 -> 52964.08 | V52: =C52/N52/J52 -> 0 | W52: =D52/N52/J52 -> 0.0015881556 | X52: =E52/N52/J52 -> 0.11818857 | Y52: =SUM(C52:E52)/N52/J52 -> 0.11977672 | Z52: =(K52/N52)/J52 -> 0.22449369 | AA52: =H52/J52 -> 1.4999705 | AF52: =AB52/$N52 -> 0 | AG52: =AC52/$N52 -> 0 | AH52: =AD52/$N52 -> 0 | AI52: =AE52/$N52 -> 0
A53: 2020 | B53: 3 | D53: =200.01+5113.36 -> 5313.37 | E53: 326656.53 | H53: 735177.24 | J53: 487842 | K53: 698522 | L53: 130 | M53: =J53/L53 -> 3752.6308 | N53: ='$'!C100 -> 6.335075 | R53: =SUM(C53:E53)/N53 -> 52401.889 | S53: =C53/$N53 -> 0 | T53: =D53/$N53 -> 838.72251 | U53: =E53/$N53 -> 51563.167 | V53: =C53/N53/J53 -> 0 | W53: =D53/N53/J53 -> 0.0017192503 | X53: =E53/N53/J53 -> 0.10569645 | Y53: =SUM(C53:E53)/N53/J53 -> 0.1074157 | Z53: =(K53/N53)/J53 -> 0.22602118 | AA53: =H53/J53 -> 1.5069987 | AF53: =AB53/$N53 -> 0 | AG53: =AC53/$N53 -> 0 | AH53: =AD53/$N53 -> 0 | AI53: =AE53/$N53 -> 0
A54: 2020 | B54: 4 | C54: 10206.52 | D54: =100.3+3252.21 -> 3352.51 | E54: 264295.13 | F54: 5157.83 | H54: 439178.04 | J54: 242712 | K54: 410325 | L54: 136 | M54: =J54/L54 -> 1784.6471 | N54: ='$'!C101 -> 6.839434 | R54: =SUM(C54:E54)/N54 -> 40625.315 | S54: =C54/$N54 -> 1492.3048 | T54: =D54/$N54 -> 490.1736 | U54: =E54/$N54 -> 38642.837 | V54: =C54/N54/J54 -> 0.006148459 | W54: =D54/N54/J54 -> 0.0020195689 | X54: =E54/N54/J54 -> 0.15921272 | Y54: =SUM(C54:E54)/N54/J54 -> 0.16738074 | Z54: =(K54/N54)/J54 -> 0.24718184 | AA54: =H54/J54 -> 1.8094616 | AB54: =C54/F54 -> 1.9788399 | AD54: =E54/H54 -> 0.60179496 | AF54: =AB54/$N54 -> 0.28932803 | AG54: =AC54/$N54 -> 0 | AH54: =AD54/$N54 -> 0.087989 | AI54: =AE54/$N54 -> 0
A55: 2020 | B55: 5 | C55: 25420.04 | D55: =78.3+3022.31 -> 3100.61 | E55: 217128.25 | F55: =12093.8+241.03 -> 12334.83 | H55: 384441.12 | J55: 230426 | K55: 372400 | L55: 135 | M55: =J55/L55 -> 1706.8593 | N55: ='$'!C102 -> 6.931656 | R55: =SUM(C55:E55)/N55 -> 35438.703 | S55: =C55/$N55 -> 3667.2391 | T55: =D55/$N55 -> 447.31158 | U55: =E55/$N55 -> 31324.153 | V55: =C55/N55/J55 -> 0.01591504 | W55: =D55/N55/J55 -> 0.0019412374 | X55: =E55/N55/J55 -> 0.13594018 | Y55: =SUM(C55:E55)/N55/J55 -> 0.15379646 | Z55: =(K55/N55)/J55 -> 0.2331531 | AA55: =H55/J55 -> 1.668393 | AB55: =C55/F55 -> 2.0608342 | AD55: =E55/H55 -> 0.56478935 | AF55: =AB55/$N55 -> 0.29730763 | AG55: =AC55/$N55 -> 0 | AH55: =AD55/$N55 -> 0.081479714 | AI55: =AE55/$N55 -> 0
A56: 2020 | B56: 6 | C56: 28076.01 | D56: =138.78+7030.8 -> 7169.58 | E56: 419642.42 | F56: =12546.52+565.4 -> 13111.92 | H56: 763189.56 | J56: 386098 | K56: 480554 | L56: 135 | M56: =J56/L56 -> 2859.9852 | N56: ='$'!C103 -> 6.816762 | R56: =SUM(C56:E56)/N56 -> 66730.804 | S56: =C56/$N56 -> 4118.6725 | T56: =D56/$N56 -> 1051.7574 | U56: =E56/$N56 -> 61560.374 | V56: =C56/N56/J56 -> 0.010667428 | W56: =D56/N56/J56 -> 0.0027240685 | X56: =E56/N56/J56 -> 0.15944235 | Y56: =SUM(C56:E56)/N56/J56 -> 0.17283385 | Z56: =(K56/N56)/J56 -> 0.1825856 | AA56: =H56/J56 -> 1.9766732 | AB56: =C56/F56 -> 2.1412585 | AD56: =E56/H56 -> 0.54985346 | AF56: =AB56/$N56 -> 0.31411666 | AG56: =AC56/$N56 -> 0 | AH56: =AD56/$N56 -> 0.080661971 | AI56: =AE56/$N56 -> 0
A57: 2020 | B57: 7 | C57: 27819.81 | D57: =7114.85+171.5 -> 7286.35 | E57: 416489.04 | F57: =14888.45+599.23 -> 15487.68 | H57: 867338.64 | J57: 461462 | K57: 453890 | L57: 135 | M57: =J57/L57 -> 3418.237 | N57: ='$'!C104 -> 6.867708 | R57: =SUM(C57:E57)/N57 -> 65756.319 | S57: =C57/$N57 -> 4050.8143 | T57: =D57/$N57 -> 1060.958 | U57: =E57/$N57 -> 60644.547 | V57: =C57/N57/J57 -> 0.0087782186 | W57: =D57/N57/J57 -> 0.0022991233 | X57: =E57/N57/J57 -> 0.13141829 | Y57: =SUM(C57:E57)/N57/J57 -> 0.14249563 | Z57: =(K57/N57)/J57 -> 0.14321973 | AA57: =H57/J57 -> 1.8795451 | AB57: =C57/F57 -> 1.7962542 | AD57: =E57/H57 -> 0.48019196 | AF57: =AB57/$N57 -> 0.26155075 | AG57: =AC57/$N57 -> 0 | AH57: =AD57/$N57 -> 0.069920264 | AI57: =AE57/$N57 -> 0
